Latitude,Longitude,Incident_Date,NPA,Weapon,Age,Gender,Race,Year,Month,Weekday,Hour,Weapon_Simplified
35.24548895920889,-80.84418728814346,2025-05-18,182,Handgun,17.0,Male,Black,2025,5,6,0,Gun
35.22614751138458,-80.82571097969094,2025-05-18,200,Rifle,17.0,Male,Black,2025,5,6,0,Gun
35.24335116054668,-80.74904461192578,2025-05-15,312,Handgun,67.0,Male,Black,2025,5,3,0,Gun
35.24964854034281,-80.897404195165,2025-05-12,385,Handgun,24.0,Male,Black,2025,5,0,0,Gun
35.275345111430134,-80.79349752456882,2025-05-08,138,Handgun,29.0,Male,Black,2025,5,3,0,Gun
35.148435817134036,-80.89319156276592,2025-05-05,53,Handgun,26.0,Male,Black,2025,5,0,0,Gun
35.13658942334151,-80.88556314528566,2025-05-03,116,Handgun,,Male,Hispanic,2025,5,5,0,Gun
35.2915142168174,-80.75377670927931,2025-04-23,219,Handgun,22.0,Male,Black,2025,4,2,0,Gun
35.17648067752178,-80.89725376267538,2025-04-19,178,Rifle,,Male,Hispanic,2025,4,5,0,Gun
35.25723271738064,-80.77783089879894,2025-04-13,371,Firearm,23.0,Male,Hispanic,2025,4,6,0,Gun
35.17995570293276,-80.88663347869375,2025-04-13,290,Knife,37.0,Male,Black,2025,4,6,0,Blade
35.2262499370473,-80.84197662331752,2025-04-12,476,Handgun,31.0,Male,Black,2025,4,5,0,Gun
35.175848619814786,-80.75043419626665,2025-04-10,245,Handgun,21.0,Male,Black,2025,4,3,0,Gun
35.23467035455765,-80.88196569824201,2025-03-30,124,Firearm,20.0,Male,Black,2025,3,6,0,Gun
35.21443730595626,-80.77290536664758,2025-03-25,90,Handgun,33.0,Male,Black,2025,3,1,0,Gun
35.19599317250238,-80.80422159558724,2025-03-24,370,Knife,20.0,Male,Black,2025,3,0,0,Blade
35.24964854034281,-80.897404195165,2025-03-01,385,Handgun,28.0,Female,Black,2025,3,5,0,Gun
35.25167092359803,-80.82852119923442,2025-02-20,363,Firearm,28.0,Male,Black,2025,2,3,0,Gun
35.2262499370473,-80.84197662331752,2025-02-20,476,Knife,20.0,Male,Black,2025,2,3,0,Blade
35.246841022804325,-80.89505406642841,2025-02-08,6,Handgun,34.0,Male,Black,2025,2,5,0,Gun
35.254364336915316,-80.85361166953325,2025-02-08,311,Handgun,20.0,Female,Hispanic,2025,2,5,0,Gun
35.25962196188049,-80.77475709242029,2025-02-07,371,Handgun,27.0,Female,Black,2025,2,4,0,Gun
35.25048291533867,-80.82146932736119,2025-01-22,369,Shotgun,61.0,Male,Black,2025,1,2,0,Gun
35.232852172294365,-80.8417173229267,2025-01-22,476,Handgun,15.0,Male,Black,2025,1,2,0,Gun
35.20759084552102,-80.9174224712207,2025-01-21,306,Handgun,28.0,Male,Black,2025,1,1,0,Gun
35.371826711438665,-80.73731463294746,2025-01-18,195,Handgun,,Male,Black,2025,1,5,0,Gun
35.27892448202246,-80.89478224923539,2025-01-14,158,Handgun,19.0,Male,Black,2025,1,1,0,Gun
35.21445424013238,-80.7244047911805,2025-01-11,183,Vehicle,40.0,Female,White,2025,1,5,0,Other
35.311622191095665,-80.7590546376642,2025-01-09,331,Handgun,29.0,Male,Hispanic,2025,1,3,0,Gun
35.2915142168174,-80.75377670927931,2024-12-29,219,Handgun,35.0,Male,Black,2024,12,6,0,Gun
35.20993551593555,-80.91721982406072,2024-12-29,306,Firearm,18.0,Male,Black,2024,12,6,0,Gun
35.22507371631359,-80.74580210107219,2024-12-25,167,Handgun,19.0,Female,Black,2024,12,2,0,Gun
35.34097186006731,-80.7537162961703,2024-12-22,153,Physical,65.0,Male,White,2024,12,6,0,Other
35.25661324934578,-80.80169193940382,2024-12-17,21,Handgun,28.0,Male,Black,2024,12,1,0,Gun
35.148435817134036,-80.89319156276592,2024-12-13,53,Handgun,43.0,Female,Black,2024,12,4,0,Gun
35.15299948806122,-80.88922193335598,2024-12-09,212,"Handgun, Rifle",25.0,Male,Hispanic,2024,12,0,0,Gun
35.236417910022915,-80.85780212501128,2024-12-07,51,Handgun,25.0,Male,Black,2024,12,5,0,Gun
35.15270577169299,-80.87632247179805,2024-12-01,383,Handgun,17.0,Male,Hispanic,2024,12,6,0,Gun
35.224123031593685,-80.85437692752322,2024-12-01,3,Vehicle,23.0,Male,White,2024,12,6,0,Other
35.19645452027011,-80.88847521423536,2024-11-30,290,Firearm,19.0,Male,Hispanic,2024,11,5,0,Gun
35.21147669981648,-80.90071418565553,2024-11-28,120,Physical,44.0,Male,Black,2024,11,3,0,Other
35.27797215420823,-80.78960766552454,2024-11-19,371,Handgun,53.0,Male,Black,2024,11,1,0,Gun
35.27131199326985,-80.77008943027123,2024-11-19,101,Handgun,29.0,Male,Black,2024,11,1,0,Gun
35.36763742522361,-80.74276404105325,2024-11-13,195,Handgun,33.0,Female,Black,2024,11,2,0,Gun
35.15020942337873,-80.92289212092187,2024-11-12,307,Firearm,22.0,Male,Black,2024,11,1,0,Gun
35.21296016466347,-80.79461533675871,2024-11-10,86,Firearm,17.0,Male,Hispanic,2024,11,6,0,Gun
35.22614537873922,-80.84703144102855,2024-11-02,476,Handgun,17.0,Male,Black,2024,11,5,0,Gun
35.03784055443263,-80.80117409020771,2024-10-25,204,Handgun,18.0,Male,White,2024,10,4,0,Gun
35.246580800351616,-80.83998100963922,2024-10-23,295,Handgun,25.0,Male,Hispanic,2024,10,2,0,Gun
35.249830650411404,-80.79634924493065,2024-10-20,344,Handgun,23.0,Male,Black,2024,10,6,0,Gun
35.28894891091544,-80.75538720175827,2024-10-16,219,Knife,25.0,Male,Black,2024,10,2,0,Blade
35.21154987482843,-80.89867996704717,2024-10-15,159,Handgun,56.0,Male,Black,2024,10,1,0,Gun
35.20857672443822,-80.75757628868574,2024-10-14,164,Handgun,25.0,Male,Hispanic,2024,10,0,0,Gun
35.22614751138458,-80.82571097969094,2024-10-08,200,Firearm,32.0,Male,Black,2024,10,1,0,Gun
35.27700545581045,-80.76636609725698,2024-10-03,103,Handgun,22.0,Male,Black,2024,10,3,0,Gun
35.21296016466347,-80.79461533675871,2024-09-26,86,Handgun,25.0,Male,Black,2024,9,3,0,Gun
35.16174230424127,-80.75215585980902,2024-09-15,246,Firearm,19.0,Male,Black,2024,9,6,0,Gun
35.13785918939587,-80.93131937277197,2024-09-13,92,Handgun,62.0,Female,Black,2024,9,4,0,Gun
35.19933370025061,-80.70408748745044,2024-09-12,146,Handgun,23.0,Male,Hispanic,2024,9,3,0,Gun
35.14403302747345,-80.88652490019146,2024-09-10,71,Handgun,15.0,Male,Black,2024,9,1,0,Gun
35.15717288052485,-80.7297851355904,2024-09-06,107,Handgun,23.0,Female,Black,2024,9,4,0,Gun
35.27733486404218,-80.8113898950366,2024-08-17,160,Blunt Trauma,47.0,Female,Black,2024,8,5,0,Other
35.053290111518365,-80.86865638222385,2024-08-13,355,Firearm,17.0,Male,White,2024,8,1,0,Gun
35.207262671214984,-80.8946523934829,2024-08-11,120,Handgun,37.0,Male,Black,2024,8,6,0,Gun
35.191783044837,-80.60479035396908,2024-08-10,396,Handgun,23.0,Male,Hispanic,2024,8,5,0,Gun
35.234209857316785,-80.76840546880467,2024-08-02,128,Handgun,57.0,Male,Hispanic,2024,8,4,0,Gun
35.180489794177475,-80.86318148080113,2024-07-29,226,Knife,27.0,Male,Hispanic,2024,7,0,0,Blade
35.23300776378283,-80.81194134329543,2024-07-26,386,Handgun,38.0,Male,Black,2024,7,4,0,Gun
35.19075067710038,-80.79140455690619,2024-07-24,394,Knife,79.0,Male,Black,2024,7,2,0,Blade
35.162803855121325,-80.97457949665076,2024-07-22,45,Handgun,21.0,Male,Black,2024,7,0,0,Gun
35.25469770648805,-80.68298408348224,2024-07-18,242,Firearm,18.0,Male,Black,2024,7,3,0,Gun
35.155244271000875,-80.84945382143898,2024-07-14,8,Knife,32.0,Female,White,2024,7,6,0,Blade
35.30717722409325,-80.80489679776704,2024-07-09,283,Handgun,19.0,Male,Black,2024,7,1,0,Gun
35.26969074114286,-80.83756796888092,2024-07-09,363,Firearm,58.0,Male,Black,2024,7,1,0,Gun
35.220545169652354,-80.87982087057735,2024-07-08,317,Handgun,29.0,Male,Black,2024,7,0,0,Gun
35.34489233137363,-80.86955394904335,2024-07-08,191,Handgun,37.0,Male,Hispanic,2024,7,0,0,Gun
35.06546529183617,-80.81676491745363,2024-07-08,262,Handgun,36.0,Male,Black,2024,7,0,0,Gun
35.298659342472476,-80.81749274067181,2024-07-02,150,Handgun,63.0,Female,Black,2024,7,1,0,Gun
35.258214041296824,-80.67831937877462,2024-06-23,324,Handgun,24.0,Male,Black,2024,6,6,0,Gun
35.275341245588265,-80.80779668364481,2024-06-20,138,Handgun,35.0,Male,Black,2024,6,3,0,Gun
35.254913774467404,-80.88951623413698,2024-06-16,6,Handgun,27.0,Female,Hispanic,2024,6,6,0,Gun
35.23371404690937,-80.84268805299236,2024-06-14,476,Physical,36.0,Male,Black,2024,6,4,0,Other
35.1466248571197,-80.8933603001199,2024-06-13,53,Knife,32.0,Male,Black,2024,6,3,0,Blade
35.23160443202255,-80.83684259987095,2024-06-08,476,Handgun,30.0,Male,Black,2024,6,5,0,Gun
35.27135721906449,-80.78422805107108,2024-06-02,371,Handgun,18.0,Male,Hispanic,2024,6,6,0,Gun
35.27700545581045,-80.76636609725698,2024-06-02,103,Firearm,39.0,Male,Black,2024,6,6,0,Gun
35.137444721953166,-80.89062461105092,2024-05-27,79,Firearm,54.0,Male,Hispanic,2024,5,0,0,Gun
35.198378187286,-80.75001762703289,2024-05-26,135,Handgun,23.0,Male,Hispanic,2024,5,6,0,Gun
35.27096292694621,-80.75916118653761,2024-05-22,234,Handgun,14.0,Male,Black,2024,5,2,0,Gun
35.28956786205177,-80.75799475479474,2024-05-22,331,Firearm,20.0,Male,Black,2024,5,2,0,Gun
35.339112330807545,-80.83273741709014,2024-05-21,38,Handgun,,Male,Other/Unknown,2024,5,1,0,Gun
35.22636874276593,-80.77258903902111,2024-05-12,389,Handgun,,Male,Hispanic,2024,5,6,0,Gun
35.21091978182481,-80.6824848215198,2024-05-05,323,Handgun,51.0,Male,Black,2024,5,6,0,Gun
35.29540789753931,-80.81459106894344,2024-05-02,150,Handgun,26.0,Male,Black,2024,5,3,0,Gun
35.24306975668835,-80.75651859611656,2024-04-29,223,Rifle,42.0,Unknown,Other/Unknown,2024,4,0,0,Gun
35.24306975668835,-80.75651859611656,2024-04-29,223,Rifle,31.0,Unknown,Other/Unknown,2024,4,0,0,Gun
35.24306975668835,-80.75651859611656,2024-04-29,223,Rifle,46.0,Unknown,Other/Unknown,2024,4,0,0,Gun
35.24306975668835,-80.75651859611656,2024-04-29,223,Rifle,48.0,Unknown,Other/Unknown,2024,4,0,0,Gun
35.183613631003716,-80.93942668589395,2024-04-28,174,Handgun,21.0,Male,White,2024,4,6,0,Gun
35.18073852712783,-80.88929930609805,2024-04-19,178,Handgun,45.0,Male,Black,2024,4,4,0,Gun
35.21762639209041,-80.68061078851655,2024-04-12,229,Handgun,17.0,Male,Black,2024,4,4,0,Gun
35.217580590024276,-80.70411425166999,2024-04-12,323,Handgun,21.0,Male,Hispanic,2024,4,4,0,Gun
35.24660953193659,-80.84369007234409,2024-04-11,182,Handgun,37.0,Male,Black,2024,4,3,0,Gun
35.25567930862976,-80.82968667845685,2024-04-07,363,Handgun,21.0,Male,Hispanic,2024,4,6,0,Gun
35.305868401319685,-80.72423682856163,2024-03-31,299,Handgun,25.0,Male,Black,2024,3,6,0,Gun
35.26662310536087,-80.88196720975516,2024-03-29,141,Handgun,17.0,Male,Black,2024,3,4,0,Gun
35.19599685629266,-80.72005035114793,2024-03-28,268,Handgun,26.0,Male,Black,2024,3,3,0,Gun
35.25423505826613,-80.92749649561786,2024-03-26,258,Firearm,36.0,Male,Black,2024,3,1,0,Gun
35.26291548180729,-80.88181448649516,2024-03-22,385,Handgun,44.0,Male,Black,2024,3,4,0,Gun
35.242286337309146,-80.97636280538107,2024-03-21,286,Handgun,53.0,Male,Black,2024,3,3,0,Gun
35.25819436632843,-80.89711419028096,2024-03-17,385,Handgun,31.0,Male,Black,2024,3,6,0,Gun
35.3050064366513,-80.85829538976138,2024-03-17,260,Handgun,26.0,Female,Black,2024,3,6,0,Gun
35.26310683110108,-80.87975824828521,2024-03-16,141,Vehicle,58.0,Male,Black,2024,3,5,0,Other
35.281115781398,-80.76660946037732,2024-03-15,103,Unknown,0.0,Male,Black,2024,3,4,0,Other
35.281115781398,-80.76660946037732,2024-03-15,103,Unknown,22.0,Female,Black,2024,3,4,0,Other
35.281115781398,-80.76660946037732,2024-03-15,103,Unknown,4.0,Female,Black,2024,3,4,0,Other
35.30406407489038,-80.84786485546653,2024-03-14,125,Handgun,20.0,Male,Black,2024,3,3,0,Gun
35.14443216829786,-80.96308988862579,2024-03-12,313,Handgun,23.0,Male,Black,2024,3,1,0,Gun
35.20246592399154,-80.87196407757907,2024-03-09,30,Firearm,21.0,Male,Black,2024,3,5,0,Gun
35.22951228466798,-80.83978965384726,2024-03-04,476,Knife,46.0,Female,White,2024,3,0,0,Blade
35.236417910022915,-80.85780212501128,2024-02-29,51,Handgun,24.0,Male,White,2024,2,3,0,Gun
35.2249698578412,-80.9044083268897,2024-02-15,387,Handgun,24.0,Male,Black,2024,2,3,0,Gun
35.08476759276398,-80.98394480632967,2024-02-14,289,Handgun,32.0,Female,White,2024,2,2,0,Gun
35.245809513382184,-80.9369383248376,2024-02-14,119,Rifle,21.0,Male,Black,2024,2,2,0,Gun
35.13909691144983,-80.94068963499373,2024-02-13,95,Firearm,39.0,Male,Black,2024,2,1,0,Gun
35.182100517171584,-80.87578084705322,2024-02-11,13,Handgun,26.0,Male,Black,2024,2,6,0,Gun
35.25878807550923,-80.87772529887664,2024-02-04,292,Handgun,47.0,Male,Black,2024,2,6,0,Gun
35.172259037377216,-80.72946941782025,2024-02-01,186,Physical,21.0,Female,Hispanic,2024,2,3,0,Other
35.254238362058366,-80.86360272092253,2024-02-01,85,Firearm,17.0,Male,Black,2024,2,3,0,Gun
35.13895534830676,-80.88505245761804,2024-01-27,71,"Handgun, Rifle",26.0,Male,Hispanic,2024,1,5,0,Gun
35.13895534830676,-80.88505245761804,2024-01-27,71,"Handgun, Rifle",32.0,Male,Black,2024,1,5,0,Gun
35.13895534830676,-80.88505245761804,2024-01-27,71,"Handgun, Rifle",25.0,Male,Black,2024,1,5,0,Gun
35.14980826850671,-80.88027099880514,2024-01-25,71,Handgun,21.0,Female,Hispanic,2024,1,3,0,Gun
35.24564773734981,-80.71357202462691,2024-01-19,244,Handgun,26.0,Female,Hispanic,2024,1,4,0,Gun
35.240049318502486,-80.77817258460607,2024-01-16,128,Firearm,17.0,Male,Black,2024,1,1,0,Gun
35.289512915573766,-80.88157815287292,2024-01-04,158,Physical,54.0,Male,Black,2024,1,3,0,Other
35.273401009107836,-80.79209416854833,2023-12-27,371,Handgun,16.0,Female,Black,2023,12,2,0,Gun
35.07795283944783,-80.99339732021551,2023-12-27,76,Firearm,17.0,Male,Black,2023,12,2,0,Gun
35.29730995005079,-80.90246762301174,2023-12-24,113,Firearm,40.0,Male,Black,2023,12,6,0,Gun
35.16486283438991,-80.99196527835828,2023-12-23,45,Knife,19.0,Female,Hispanic,2023,12,5,0,Blade
35.20216702855584,-80.91214531134388,2023-12-19,159,Handgun,,Male,Hispanic,2023,12,1,0,Gun
35.09603225819819,-80.84151414466291,2023-12-12,177,Handgun,36.0,Female,White,2023,12,1,0,Gun
35.22614062041058,-80.88440103733016,2023-12-09,124,Firearm,52.0,Male,Black,2023,12,5,0,Gun
35.1412701312949,-80.91506316037865,2023-11-20,93,Handgun,32.0,Male,Black,2023,11,0,0,Gun
35.21657454957077,-80.90822052919118,2023-11-20,321,Handgun,21.0,Male,Black,2023,11,0,0,Gun
35.13727154706542,-80.9371266824845,2023-11-17,95,Unknown,41.0,Male,White,2023,11,4,0,Other
35.19333675736526,-80.7999111294081,2023-11-16,370,Handgun,25.0,Male,Black,2023,11,3,0,Gun
35.275345111430134,-80.79349752456882,2023-11-13,138,Handgun,34.0,Female,Black,2023,11,0,0,Gun
35.22563990919642,-80.82492930915181,2023-11-12,200,Handgun,26.0,Male,Black,2023,11,6,0,Gun
35.17404838130717,-80.75329397239857,2023-10-31,245,Firearm,22.0,Male,Black,2023,10,1,0,Gun
35.31333251033794,-80.82399955331616,2023-10-29,117,Firearm,19.0,Male,Black,2023,10,6,0,Gun
35.27114654605833,-80.85419152895146,2023-10-24,374,Handgun,19.0,Male,Black,2023,10,1,0,Gun
35.27114654605833,-80.85419152895146,2023-10-24,374,Handgun,27.0,Male,Black,2023,10,1,0,Gun
35.22905495555544,-80.7443300695394,2023-10-19,167,Handgun,20.0,Male,Black,2023,10,3,0,Gun
35.22902795928596,-80.77134072694193,2023-10-15,389,Handgun,54.0,Male,Black,2023,10,6,0,Gun
35.18589488783405,-80.7379197901866,2023-10-11,202,Handgun,34.0,Male,Black,2023,10,2,0,Gun
35.31376464150411,-80.71273357344697,2023-10-10,60,Handgun,22.0,Male,Black,2023,10,1,0,Gun
35.204050324666426,-80.87399938084162,2023-10-07,30,"Handgun, Rifle",30.0,Male,Black,2023,10,5,0,Gun
35.10312281269118,-80.8692294624403,2023-10-07,129,Handgun,21.0,Female,Black,2023,10,5,0,Gun
35.33294998713022,-80.79315464906983,2023-10-06,275,Handgun,19.0,Male,Black,2023,10,4,0,Gun
35.212196985431035,-80.90069750616225,2023-09-24,120,Handgun,18.0,Male,Black,2023,9,6,0,Gun
35.26410764956712,-80.91808347198914,2023-09-21,346,Handgun,24.0,Male,Black,2023,9,3,0,Gun
35.236128340950806,-80.84349632789139,2023-09-12,476,Handgun,56.0,Male,Black,2023,9,1,0,Gun
35.252963141088486,-80.82757195527688,2023-09-09,363,Firearm,46.0,Male,Black,2023,9,5,0,Gun
35.27797215420823,-80.78960766552454,2023-09-09,291,Handgun,24.0,Male,Hispanic,2023,9,5,0,Gun
35.281115781398,-80.76660946037732,2023-09-02,103,Handgun,64.0,Female,Black,2023,9,5,0,Gun
35.12816042753312,-80.87675454498836,2023-08-24,12,Handgun,27.0,Male,Hispanic,2023,8,3,0,Gun
35.08332605865196,-80.83093681307001,2023-08-06,201,Vehicle,33.0,Female,Black,2023,8,6,0,Other
35.144477669246704,-80.92144537358736,2023-08-05,307,Vehicle,17.0,Male,Hispanic,2023,8,5,0,Other
35.23547523574819,-80.76021671742339,2023-08-05,128,Handgun,40.0,Male,Hispanic,2023,8,5,0,Gun
35.29827443881402,-80.99234486370985,2023-08-05,376,Firearm,63.0,Female,Black,2023,8,5,0,Gun
35.256512804125286,-80.68998348746713,2023-07-27,242,Handgun,26.0,Male,Black,2023,7,3,0,Gun
35.295374241562286,-80.75517385017265,2023-07-23,331,Handgun,25.0,Male,Black,2023,7,6,0,Gun
35.26755656467694,-80.89277520083151,2023-07-18,385,Handgun,25.0,Female,Black,2023,7,1,0,Gun
35.19946596288336,-80.75232765706191,2023-07-17,16,Firearm,40.0,Male,Hispanic,2023,7,0,0,Gun
35.29856506892714,-80.75420353694393,2023-07-08,219,Handgun,35.0,Male,Black,2023,7,5,0,Gun
35.32421648888437,-80.68720535038155,2023-07-08,155,Firearm,17.0,Male,Black,2023,7,5,0,Gun
35.256073732025484,-80.77890449523186,2023-07-08,371,Handgun,19.0,Male,Black,2023,7,5,0,Gun
35.237516457379,-80.76271270400616,2023-07-07,128,Handgun,44.0,Female,Black,2023,7,4,0,Gun
35.15090039590741,-80.89778271956546,2023-06-24,54,Rifle,63.0,Female,White,2023,6,5,0,Gun
35.353587601708774,-80.82209488707353,2023-06-20,276,Firearm,32.0,Male,Black,2023,6,1,0,Gun
35.175779582730144,-80.74931816268493,2023-06-17,245,Handgun,33.0,Male,Black,2023,6,5,0,Gun
35.29600674743609,-80.84082034487547,2023-06-15,125,Blunt Trauma,12.0,Male,Black,2023,6,3,0,Other
35.319663641201586,-80.95371166633123,2023-06-14,376,Firearm,21.0,Male,Black,2023,6,2,0,Gun
35.26392424119136,-80.85868448777983,2023-06-11,70,Firearm,36.0,Male,Black,2023,6,6,0,Gun
35.067928362844405,-80.84678639722678,2023-06-11,233,Firearm,29.0,Male,Black,2023,6,6,0,Gun
35.13324849971374,-80.8951673056963,2023-06-10,94,Firearm,33.0,Male,Black,2023,6,5,0,Gun
35.324232754594334,-80.77489584596799,2023-06-05,274,Handgun,31.0,Male,Black,2023,6,0,0,Gun
35.22616824262016,-80.83777162477692,2023-06-01,476,Handgun,26.0,Male,Black,2023,6,3,0,Gun
35.229033931630276,-80.84917348177262,2023-05-27,476,Handgun,26.0,Male,Black,2023,5,5,0,Gun
35.267525045419724,-80.83902695299801,2023-05-19,363,Handgun,54.0,Male,Black,2023,5,4,0,Gun
35.30412613612134,-80.91131635191873,2023-05-18,113,Handgun,17.0,Male,Black,2023,5,3,0,Gun
35.24285854290177,-80.75099363796092,2023-05-15,223,Firearm,24.0,Male,Hispanic,2023,5,0,0,Gun
35.21877514035342,-80.8835441260238,2023-05-13,294,Handgun,38.0,Male,White,2023,5,5,0,Gun
35.13323798872208,-80.78468824617143,2023-05-06,198,Handgun,43.0,Male,Black,2023,5,5,0,Gun
35.25189036713756,-80.81027105113016,2023-04-29,21,Handgun,26.0,Male,Black,2023,4,5,0,Gun
35.25516867733872,-80.8784392069049,2023-04-17,88,Handgun,26.0,Male,Black,2023,4,0,0,Gun
35.19641806429202,-80.74968761256406,2023-04-09,16,"Table Leg, Knife",35.0,Female,White,2023,4,6,0,Other
35.142281984873236,-80.74213906291162,2023-04-04,36,Handgun,28.0,Male,Black,2023,4,1,0,Gun
35.305012351925534,-80.89620103683258,2023-03-26,49,Rifle,24.0,Female,Other/Unknown,2023,3,6,0,Gun
35.149410437098794,-80.88252371788485,2023-03-25,71,Firearms,20.0,Male,Black,2023,3,5,0,Gun
35.236128340950806,-80.84349632789139,2023-03-24,476,Firearms,37.0,Male,Black,2023,3,4,0,Gun
35.25154886404969,-80.77488933447181,2023-03-21,100,"Knife, Physical",25.0,Male,White,2023,3,1,0,Blade
35.24952118556075,-80.78103267304475,2023-03-19,40,Firearms,16.0,Male,Black,2023,3,6,0,Gun
35.24952118556075,-80.78103267304475,2023-03-19,40,Firearms,21.0,Male,Black,2023,3,6,0,Gun
35.137444721953166,-80.89062461105092,2023-03-19,79,Knife,34.0,Male,Hispanic,2023,3,6,0,Blade
35.13987342832875,-80.87656580680473,2023-03-11,383,Handgun,23.0,Male,Black,2023,3,5,0,Gun
35.219296054686815,-80.7531025318638,2023-03-01,127,Vehicle,68.0,Male,Asian,2023,3,2,0,Other
35.24445848334146,-80.75228422510092,2023-02-24,249,Knife,43.0,Female,Black,2023,2,4,0,Blade
35.25544054289145,-80.89361590000506,2023-02-19,385,Firearm,17.0,Male,Black,2023,2,6,0,Gun
35.23126469666249,-80.8418354931501,2023-02-17,476,Cutting Instrument,,Male,Black,2023,2,4,0,Blade
35.217352333659356,-80.85790978894832,2023-02-13,339,Shotgun,23.0,Female,Black,2023,2,0,0,Gun
35.19400742853786,-80.91840513167712,2023-02-12,178,Handgun,30.0,Male,Black,2023,2,6,0,Gun
35.2602872218919,-80.89894546079402,2023-02-08,385,Knife,50.0,Male,Black,2023,2,2,0,Blade
35.15641889230287,-80.75596319454071,2023-02-01,23,Handgun,37.0,Male,Black,2023,2,2,0,Gun
35.238545282619725,-80.8165195467031,2023-01-31,386,Handgun,32.0,Male,Black,2023,1,1,0,Gun
35.15003690753645,-80.90166409590674,2023-01-29,54,Firearm,29.0,Male,Hispanic,2023,1,6,0,Gun
35.265762968095686,-80.79494837917576,2023-01-24,371,Handgun,30.0,Male,Black,2023,1,1,0,Gun
35.251279640915456,-80.74731541551448,2023-01-15,249,Rifle,18.0,Male,Hispanic,2023,1,6,0,Gun
35.335135133208134,-80.80478275434714,2023-01-13,278,Handgun,28.0,Male,Black,2023,1,4,0,Gun
35.2475403517221,-80.77837972193016,2023-01-13,40,Handgun,21.0,Male,Black,2023,1,4,0,Gun
35.247229833332376,-80.82725567496267,2023-01-04,369,Handgun,46.0,Male,Black,2023,1,2,0,Gun
35.197501763477106,-80.91554452058499,2023-01-01,159,Handgun,28.0,Male,Black,2023,1,6,0,Gun
35.273354682934155,-80.76965465319104,2023-01-01,101,Handgun,38.0,Male,Hispanic,2023,1,6,0,Gun
35.269908365412654,-80.83626602106159,2022-12-29,363,Firearm,33.0,Male,Black,2022,12,3,0,Gun
35.36456357136966,-80.74840461531912,2022-12-25,195,Unknown,30.0,Male,Hispanic,2022,12,6,0,Other
35.15737752959485,-80.82972894161527,2022-12-24,358,Handgun,32.0,Male,Hispanic,2022,12,5,0,Gun
35.31641009664354,-80.72074537618637,2022-12-21,60,Handgun,28.0,Male,Black,2022,12,2,0,Gun
35.28006475655759,-80.82376678009891,2022-12-17,160,Handgun,20.0,Female,Black,2022,12,5,0,Gun
35.29525888535364,-80.71567587154058,2022-12-14,301,Handgun,20.0,Male,Black,2022,12,2,0,Gun
35.27825915256859,-80.76613861033697,2022-12-11,103,Knife,,Male,Hispanic,2022,12,6,0,Blade
35.27700545581045,-80.76636609725698,2022-12-10,103,Handgun,32.0,Male,Black,2022,12,5,0,Gun
35.2430980536924,-80.69539293082087,2022-11-30,243,Handgun,17.0,Male,Black,2022,11,2,0,Gun
35.198286897922436,-80.9963012978685,2022-11-29,83,Handgun,20.0,Male,Black,2022,11,1,0,Gun
35.252371102928656,-80.8307413526803,2022-11-29,363,Handgun,21.0,Male,Black,2022,11,1,0,Gun
35.173247744262866,-80.89644551313015,2022-11-26,121,Handgun,42.0,Male,White,2022,11,5,0,Gun
35.18675722880253,-80.88435729408046,2022-11-22,290,Firearm,29.0,Male,Black,2022,11,1,0,Gun
35.28293935178252,-80.86006384890052,2022-11-15,123,Firearm,17.0,Male,Hispanic,2022,11,1,0,Gun
35.28293935178252,-80.86006384890052,2022-11-15,123,Firearm,18.0,Male,Hispanic,2022,11,1,0,Gun
35.25868587537924,-80.80479005616655,2022-11-07,21,Handgun,34.0,Male,Black,2022,11,0,0,Gun
35.21443730595626,-80.77290536664758,2022-11-06,164,Handgun,29.0,Male,Hispanic,2022,11,6,0,Gun
35.19682055076115,-80.72646547674377,2022-10-23,58,Handgun,32.0,Female,Other/Unknown,2022,10,6,0,Gun
35.12522143380044,-80.87257924511829,2022-10-16,12,Handgun,21.0,Male,Hispanic,2022,10,6,0,Gun
35.350124038356974,-80.854399001053,2022-10-04,72,Handgun,21.0,Male,Black,2022,10,1,0,Gun
35.26969074114286,-80.83756796888092,2022-10-03,363,Handgun,32.0,Male,Black,2022,10,0,0,Gun
35.1502739448479,-80.88882751462387,2022-10-02,71,Handgun,30.0,Male,Black,2022,10,6,0,Gun
35.370777690445145,-80.74834701399237,2022-09-23,372,Handgun,56.0,Male,Black,2022,9,4,0,Gun
35.20299810015036,-80.73875336267808,2022-09-23,316,Shotgun,31.0,Male,Black,2022,9,4,0,Gun
35.10654774240517,-80.98075569456786,2022-09-22,155,Handgun,29.0,Male,White,2022,9,3,0,Gun
35.19616874883249,-80.893393387206,2022-08-30,362,Handgun,18.0,Male,Hispanic,2022,8,1,0,Gun
35.19616874883249,-80.893393387206,2022-08-30,362,Handgun,20.0,Male,Hispanic,2022,8,1,0,Gun
35.11906497251949,-80.87968930602968,2022-08-29,185,Handgun,,Male,White,2022,8,0,0,Gun
35.149410437098794,-80.88252371788485,2022-08-27,71,Handgun,25.0,Male,Black,2022,8,5,0,Gun
35.275345111430134,-80.79349752456882,2022-08-24,138,Handgun,33.0,Male,Black,2022,8,2,0,Gun
35.34303365282933,-80.70320117702722,2022-08-23,336,Handgun,25.0,Male,Black,2022,8,1,0,Gun
35.192397479517524,-80.79931792231275,2022-08-22,370,Firearm,35.0,Male,Black,2022,8,0,0,Gun
35.144143211319566,-80.92846703748936,2022-08-18,96,Firearm,26.0,Male,Black,2022,8,3,0,Gun
35.14764664111776,-80.92591664397246,2022-08-13,96,Handgun,22.0,Male,Black,2022,8,5,0,Gun
35.24030892562875,-80.86140139924268,2022-08-13,347,Handgun,27.0,Male,Black,2022,8,5,0,Gun
35.348726646359395,-80.84909436657873,2022-08-13,207,Firearm,23.0,Male,Black,2022,8,5,0,Gun
35.26405353454656,-80.86724512237437,2022-08-11,292,Handgun,,Male,Black,2022,8,3,0,Gun
35.28868396793603,-80.72506928649682,2022-08-05,192,Handgun,25.0,Male,Black,2022,8,4,0,Gun
35.20958929293134,-80.91392010848773,2022-08-03,114,Handgun,31.0,Male,White,2022,8,2,0,Gun
35.33530888647651,-80.82509938185784,2022-08-01,280,Handgun,28.0,Male,White,2022,8,0,0,Gun
35.18097594923046,-80.88359432172582,2022-07-31,290,Handgun,28.0,Male,Black,2022,7,6,0,Gun
35.333611759565244,-80.7387150566192,2022-07-27,80,Firearm,24.0,Male,Black,2022,7,2,0,Gun
35.17812196893144,-80.80090725503685,2022-07-24,28,Physical,60.0,Male,White,2022,7,6,0,Other
35.24038406229593,-80.92094143113013,2022-07-24,140,Handgun,35.0,Male,Black,2022,7,6,0,Gun
35.23339356769872,-80.73807260476329,2022-07-22,247,Firearm,22.0,Male,Black,2022,7,4,0,Gun
35.209243232156425,-80.89838846539048,2022-07-19,159,Handgun,48.0,Male,Black,2022,7,1,0,Gun
35.16261890490542,-80.7394113170211,2022-07-17,186,Handgun,29.0,Male,Black,2022,7,6,0,Gun
35.305868401319685,-80.72423682856163,2022-07-16,60,Handgun,22.0,Male,Black,2022,7,5,0,Gun
35.27481418555529,-80.76681450642197,2022-07-16,234,Handgun,38.0,Male,Black,2022,7,5,0,Gun
35.305868401319685,-80.72423682856163,2022-07-13,299,Handgun,48.0,Female,White,2022,7,2,0,Gun
35.263854266640294,-80.80152382768037,2022-07-07,21,Handgun,17.0,Male,Hispanic,2022,7,3,0,Gun
35.23593150965873,-80.88056793306853,2022-07-05,124,Handgun,19.0,Male,Black,2022,7,1,0,Gun
35.32740402963714,-80.73985659850035,2022-07-05,65,Handgun,27.0,Male,Black,2022,7,1,0,Gun
35.30266561907293,-80.7989369917903,2022-06-27,259,Handgun,18.0,Male,Black,2022,6,0,0,Gun
35.216073106897774,-80.78612134508589,2022-06-27,87,Firearm,34.0,Male,White,2022,6,0,0,Gun
35.29363475296502,-80.78263162060097,2022-06-26,331,Handgun,30.0,Male,Hispanic,2022,6,6,0,Gun
35.24893523790134,-80.78945522532209,2022-06-25,344,Handgun,61.0,Female,Black,2022,6,5,0,Gun
35.23378712483494,-80.85391369201429,2022-06-24,476,Handgun,19.0,Male,Black,2022,6,4,0,Gun
35.137444721953166,-80.89062461105092,2022-06-21,79,Handgun,16.0,Male,Hispanic,2022,6,1,0,Gun
35.12938752839487,-80.83171679854823,2022-06-20,42,Physical,35.0,Male,White,2022,6,0,0,Other
35.254913774467404,-80.88951623413698,2022-06-11,6,Handgun,55.0,Male,White,2022,6,5,0,Gun
35.24436808632987,-80.93203993410542,2022-06-08,140,Handgun,33.0,Male,Black,2022,6,2,0,Gun
35.20759084552102,-80.9174224712207,2022-06-04,306,Firearm,17.0,Male,Hispanic,2022,6,5,0,Gun
35.224869766830345,-80.82861276867582,2022-06-04,476,Handgun,20.0,Male,Black,2022,6,5,0,Gun
35.352402103149785,-80.8588887333949,2022-06-03,72,Handgun,26.0,Male,Black,2022,6,4,0,Gun
35.30685255291145,-80.8515186589379,2022-06-01,139,Blunt Trauma,67.0,Male,Black,2022,6,2,0,Other
35.20987454541352,-80.75714890670037,2022-05-30,127,Rifle,21.0,Male,Black,2022,5,0,0,Gun
35.135260745276206,-80.89057062612,2022-05-30,116,Handgun,33.0,Male,Black,2022,5,0,0,Gun
35.230920194792446,-80.68189322516848,2022-05-29,98,Handgun,16.0,Male,Hispanic,2022,5,6,0,Gun
35.273354682934155,-80.76965465319104,2022-05-19,101,Handgun,26.0,Male,Hispanic,2022,5,3,0,Gun
35.25834851023497,-80.79476816141674,2022-05-18,21,Cutting Instrument,44.0,Male,Black,2022,5,2,0,Blade
35.192397479517524,-80.79931792231275,2022-05-15,370,Handgun,18.0,Male,Black,2022,5,6,0,Gun
35.34716738850949,-80.81335114507608,2022-05-14,276,Handgun,18.0,Male,Black,2022,5,5,0,Gun
35.20882198777585,-80.86915012006929,2022-05-13,338,Handgun,,Unknown,Other/Unknown,2022,5,4,0,Gun
35.2466999717596,-80.88543628086572,2022-05-12,6,Firearm,26.0,Male,Black,2022,5,3,0,Gun
35.135260745276206,-80.89057062612,2022-05-08,116,Handgun,29.0,Male,Black,2022,5,6,0,Gun
35.273354682934155,-80.76965465319104,2022-05-04,304,Physical,41.0,Male,Hispanic,2022,5,2,0,Other
35.18049061418651,-80.88845673944148,2022-04-30,362,Firearm,,Male,Black,2022,4,5,0,Gun
35.26589560436451,-80.8739487217938,2022-04-29,292,Firearm,23.0,Male,Black,2022,4,4,0,Gun
35.26589560436451,-80.8739487217938,2022-04-29,292,Firearm,21.0,Male,Black,2022,4,4,0,Gun
35.215621892630736,-80.91129244450251,2022-04-21,321,Handgun,29.0,Male,Black,2022,4,3,0,Gun
35.197439962494435,-80.73138658926769,2022-04-21,316,Handgun,20.0,Male,Black,2022,4,3,0,Gun
35.35004141163645,-80.8569228557147,2022-04-20,72,Handgun,19.0,Male,Black,2022,4,2,0,Gun
35.272161871974724,-80.8085202613557,2022-04-17,138,Handgun,39.0,Male,White,2022,4,6,0,Gun
35.24186022046896,-80.9210901484299,2022-04-15,140,Screwdriver,62.0,Female,White,2022,4,4,0,Blade
35.14814948702767,-80.88513790017586,2022-04-10,71,Firearm,33.0,Male,Black,2022,4,6,0,Gun
35.23213735845806,-80.74458699891305,2022-04-09,168,Knife,54.0,Male,Black,2022,4,5,0,Blade
35.25167092359803,-80.82852119923442,2022-03-29,363,Handgun,17.0,Male,Black,2022,3,1,0,Gun
35.15413336324945,-80.72960018125885,2022-03-25,107,Handgun,39.0,Male,Hispanic,2022,3,4,0,Gun
35.19333675736526,-80.7999111294081,2022-03-21,370,Firearm,35.0,Male,Black,2022,3,0,0,Gun
35.238139960254344,-80.73727622472799,2022-03-19,247,Physical,48.0,Male,Hispanic,2022,3,5,0,Other
35.204050324666426,-80.87399938084162,2022-03-15,30,Handgun,14.0,Male,Black,2022,3,1,0,Gun
35.243277769104296,-80.87753178083231,2022-03-14,5,Handgun,58.0,Male,Black,2022,3,0,0,Gun
35.15158075361877,-80.84874834119394,2022-03-12,8,Physical,2.0,Male,Other/Unknown,2022,3,5,0,Other
35.148043796877914,-80.9738606306143,2022-03-05,111,Handgun,48.0,Male,White,2022,3,5,0,Gun
35.27549720018466,-80.94521853968331,2022-02-24,333,Handgun,66.0,Male,White,2022,2,3,0,Gun
35.306636513561564,-80.79468341385278,2022-02-18,259,Handgun,15.0,Male,Other/Unknown,2022,2,4,0,Gun
35.261228412659946,-80.84502965903575,2022-02-15,374,Rifle,,Male,Black,2022,2,1,0,Gun
35.28917127914486,-80.96060162291366,2022-02-13,348,Handgun,36.0,Male,Black,2022,2,6,0,Gun
35.318841290689846,-80.90563340859566,2022-02-13,112,Shotgun,,Female,Black,2022,2,6,0,Gun
35.230597468108066,-80.84702523065435,2022-02-11,476,Handgun,41.0,Male,Hispanic,2022,2,4,0,Gun
35.30423487837753,-80.72296857969576,2022-02-07,299,Vehicle,24.0,Male,Black,2022,2,0,0,Other
35.240606769681584,-80.809524458501,2022-01-29,386,Firearms,23.0,Male,Black,2022,1,5,0,Gun
35.25427461558282,-80.80390496290978,2022-01-29,21,Handgun,50.0,Male,Black,2022,1,5,0,Gun
35.24436808632987,-80.93203993410542,2022-01-11,140,Vehicle,47.0,Male,Black,2022,1,1,0,Other
35.278239650291475,-80.83452029625748,2022-01-03,125,Vehicle,28.0,Female,Black,2022,1,0,0,Other
35.265339206163986,-80.85422679385029,2021-12-25,374,Firearm,28.0,Male,Black,2021,12,5,0,Gun
35.31696056297368,-80.71215376734088,2021-12-23,60,Firearm,18.0,Male,Hispanic,2021,12,3,0,Gun
35.29210457302917,-80.88457095617326,2021-12-20,158,Handgun,47.0,Female,Black,2021,12,0,0,Gun
35.31164764960497,-80.71939749773566,2021-12-20,60,Firearm,19.0,Male,Black,2021,12,0,0,Gun
35.32449392741888,-80.96345820744348,2021-12-17,136,Physical,0.0,Male,Black,2021,12,4,0,Other
35.19494783974689,-80.87793133199277,2021-12-14,290,Firearm,46.0,Male,Black,2021,12,1,0,Gun
35.16473548022337,-80.90804102097344,2021-12-10,121,Handgun,30.0,Male,Black,2021,12,4,0,Gun
35.36235980304742,-80.85736520971803,2021-12-07,72,Handgun,29.0,Male,Black,2021,12,1,0,Gun
35.28179953451794,-80.80483338937259,2021-12-06,328,Handgun,41.0,Male,Hispanic,2021,12,0,0,Gun
35.30334812451144,-80.9109863090486,2021-11-28,113,Handgun,34.0,Male,Black,2021,11,6,0,Gun
35.31438472986759,-80.8294847695288,2021-11-24,117,Handgun,21.0,Female,Black,2021,11,2,0,Gun
35.23734729321664,-80.82945567512441,2021-11-12,157,Firearm,30.0,Male,Black,2021,11,4,0,Gun
35.275345111430134,-80.79349752456882,2021-11-08,138,Handgun,35.0,Male,Hispanic,2021,11,0,0,Gun
35.30324157081022,-80.75140466421489,2021-11-06,219,Firearm,17.0,Male,Hispanic,2021,11,5,0,Gun
35.193553697877846,-80.70648073143546,2021-11-03,91,Handgun,17.0,Male,Hispanic,2021,11,2,0,Gun
35.29364776192671,-80.74800388206917,2021-10-30,219,Firearm,33.0,Male,Black,2021,10,5,0,Gun
35.2213934994175,-80.85387942348216,2021-10-24,476,Handgun,41.0,Male,Black,2021,10,6,0,Gun
35.21594194346767,-80.85023920501449,2021-10-21,3,Handgun,46.0,Male,Black,2021,10,3,0,Gun
35.24548895920889,-80.84418728814346,2021-10-20,182,Handgun,40.0,Female,Other/Unknown,2021,10,2,0,Gun
35.215097769036696,-80.88268219732376,2021-10-17,326,Handgun,21.0,Male,Black,2021,10,6,0,Gun
35.28065677035839,-80.81802576963707,2021-10-17,160,Handgun,29.0,Male,Black,2021,10,6,0,Gun
35.31335661023629,-80.82148556712131,2021-10-17,117,Handgun,42.0,Male,Black,2021,10,6,0,Gun
35.20185720530998,-80.71879132782536,2021-10-13,147,Cutting Instrument,30.0,Female,Black,2021,10,2,0,Blade
35.204050324666426,-80.87399938084162,2021-10-12,30,Handgun,15.0,Male,Black,2021,10,1,0,Gun
35.24800124344813,-80.90674263322154,2021-10-12,199,"Cutting Instrument, Stran",30.0,Female,White,2021,10,1,0,Blade
35.31729117046068,-80.77358097084193,2021-10-10,254,Handgun,20.0,Male,Black,2021,10,6,0,Gun
35.11374167879016,-80.90634637282922,2021-10-09,116,Handgun,46.0,Male,Hispanic,2021,10,5,0,Gun
35.30221485757592,-80.6807521394002,2021-10-05,273,Firearm,19.0,Male,Black,2021,10,1,0,Gun
35.254364336915316,-80.85361166953325,2021-10-04,311,Cutting Instrument,56.0,Female,Black,2021,10,0,0,Blade
35.24143300087088,-80.87190517270226,2021-10-01,293,Handgun,35.0,Female,Black,2021,10,4,0,Gun
35.245052951402336,-80.9180131680422,2021-09-18,199,Handgun,33.0,Male,Black,2021,9,5,0,Gun
35.19677796647672,-80.89204492923871,2021-09-12,362,Shotgun,17.0,Male,Black,2021,9,6,0,Gun
35.2158099993622,-80.8851231365583,2021-09-08,326,Firearm,18.0,Male,Other/Unknown,2021,9,2,0,Gun
35.33336737091342,-80.96923606546491,2021-09-07,337,Firearms,3.0,Male,Black,2021,9,1,0,Gun
35.20299810015036,-80.73875336267808,2021-09-06,316,Cutting Instrument,27.0,Male,White,2021,9,0,0,Blade
35.2386683691826,-80.8207629176415,2021-09-06,22,Blunt Trauma,29.0,Female,White,2021,9,0,0,Other
35.327133010712274,-80.85855271941833,2021-09-05,260,Firearm,16.0,Male,Black,2021,9,6,0,Gun
35.27296236756259,-80.83657284001998,2021-08-28,160,Rifle,58.0,Male,Black,2021,8,5,0,Gun
35.17671517176928,-80.76737211246244,2021-08-23,99,Handgun,21.0,Male,Black,2021,8,0,0,Gun
35.21208947609894,-80.9217609869558,2021-08-21,114,Handgun,54.0,Male,Black,2021,8,5,0,Gun
35.275345111430134,-80.79349752456882,2021-08-14,138,Handgun,18.0,Male,Black,2021,8,5,0,Gun
35.149276861399315,-80.92415834207267,2021-08-06,307,Rifle,22.0,Male,Black,2021,8,4,0,Gun
35.243277769104296,-80.87753178083231,2021-07-26,5,Firearm,18.0,Male,Black,2021,7,0,0,Gun
35.19616874883249,-80.893393387206,2021-07-21,362,Handgun,33.0,Male,Black,2021,7,2,0,Gun
35.275345111430134,-80.79349752456882,2021-07-18,138,Handgun,34.0,Male,Black,2021,7,6,0,Gun
35.135545741675486,-80.8918518447108,2021-07-15,116,Handgun,25.0,Male,Black,2021,7,3,0,Gun
35.27455499074114,-80.72900557913356,2021-07-13,192,Handgun,27.0,Male,Black,2021,7,1,0,Gun
35.215057612986335,-80.70510623090286,2021-07-07,323,Handgun,18.0,Male,Black,2021,7,2,0,Gun
35.18049061418651,-80.88845673944148,2021-07-07,362,Rifle,32.0,Female,Black,2021,7,2,0,Gun
35.20119653455679,-80.87567141314842,2021-07-04,30,Handgun,17.0,Male,Black,2021,7,6,0,Gun
35.254238362058366,-80.86360272092253,2021-06-29,85,Firearm,20.0,Male,Black,2021,6,1,0,Gun
35.18750699514106,-80.75983999946695,2021-06-27,57,Handgun,31.0,Male,Black,2021,6,6,0,Gun
35.15960094279056,-80.8883241574641,2021-06-26,212,Handgun,31.0,Male,White,2021,6,5,0,Gun
35.21296016466347,-80.79461533675871,2021-06-20,86,Handgun,43.0,Male,Hispanic,2021,6,6,0,Gun
35.253582326630834,-80.76663519222805,2021-06-15,100,Handgun,26.0,Male,Black,2021,6,1,0,Gun
35.25218481081751,-80.82633836733666,2021-06-12,369,Handgun,34.0,Male,Black,2021,6,5,0,Gun
35.19409806125623,-80.802304872194,2021-06-06,370,Handgun,42.0,Male,Black,2021,6,6,0,Gun
35.28284656423166,-80.85733698426581,2021-06-03,139,Vehicle,57.0,Male,Black,2021,6,3,0,Other
35.31129718522254,-80.82502676239432,2021-05-31,117,Rifle,21.0,Female,Black,2021,5,0,0,Gun
35.21180925200365,-80.77801824800237,2021-05-29,164,Unknown,29.0,Female,Hispanic,2021,5,5,0,Other
35.28312354917954,-80.75875709240525,2021-05-24,234,Firearm,26.0,Male,Black,2021,5,0,0,Gun
35.14764664111776,-80.92591664397246,2021-05-21,307,Handgun,16.0,Male,Black,2021,5,4,0,Gun
35.28667564156794,-80.86799205475619,2021-05-21,158,Physical,4.0,Female,Black,2021,5,4,0,Other
35.25609566362033,-80.86023790712582,2021-05-17,85,Handgun,,Male,Black,2021,5,0,0,Gun
35.24384423811574,-80.78042948327646,2021-05-15,128,Handgun,41.0,Male,Black,2021,5,5,0,Gun
35.23345363861608,-80.81501262286271,2021-05-13,386,Handgun,16.0,Male,Black,2021,5,3,0,Gun
35.23593150965873,-80.88056793306853,2021-05-13,6,Handgun,22.0,Male,Black,2021,5,3,0,Gun
35.19550410117275,-80.89266484001297,2021-04-28,362,Handgun,16.0,Male,Black,2021,4,2,0,Gun
35.1899218598881,-80.92594836638683,2021-04-24,306,Physical,30.0,Female,Black,2021,4,5,0,Other
35.21159712003103,-80.69165008093944,2021-04-21,323,Firearm,,Male,Black,2021,4,2,0,Gun
35.261328917854904,-80.83280905574563,2021-04-20,363,Handgun,28.0,Male,Black,2021,4,1,0,Gun
35.22905495555544,-80.7443300695394,2021-04-18,168,Firearm,46.0,Male,Black,2021,4,6,0,Gun
35.30324157081022,-80.75140466421489,2021-04-15,331,Firearm,28.0,Male,Black,2021,4,3,0,Gun
35.22515440721774,-80.90699816690183,2021-04-14,387,Handgun,25.0,Male,Black,2021,4,2,0,Gun
35.2413219117507,-80.87676983468607,2021-04-10,293,Firearm,15.0,Male,Black,2021,4,5,0,Gun
35.20663745069474,-80.72256186222086,2021-04-09,59,Handgun,24.0,Male,Black,2021,4,4,0,Gun
35.24065572608385,-80.90689556399322,2021-04-04,199,Firearm,29.0,Male,Black,2021,4,6,0,Gun
35.20308669035325,-80.79735426240556,2021-04-02,366,Firearm,35.0,Male,White,2021,4,4,0,Gun
35.12515782175723,-80.87118626621262,2021-03-31,12,Handgun,30.0,Male,Hispanic,2021,3,2,0,Gun
35.335251122132235,-80.79790711133369,2021-03-29,278,Handgun,29.0,Male,Black,2021,3,0,0,Gun
35.27672406778516,-80.85641979606348,2021-03-28,123,Unknown,21.0,Female,Black,2021,3,6,0,Other
35.27672406778516,-80.85641979606348,2021-03-24,123,Handgun,21.0,Male,Black,2021,3,2,0,Gun
35.247855979010616,-80.90898377170171,2021-03-22,199,Handgun,26.0,Male,Black,2021,3,0,0,Gun
35.14041298813766,-80.87756853079681,2021-03-15,116,Rifle,22.0,Male,Black,2021,3,0,0,Gun
35.14041298813766,-80.87756853079681,2021-03-15,116,Rifle,27.0,Male,Black,2021,3,0,0,Gun
35.17970825755608,-80.73700797036541,2021-02-19,134,Firearm,25.0,Male,Other/Unknown,2021,2,4,0,Gun
35.227941360487385,-80.87887963888514,2021-02-19,361,Handgun,23.0,Male,Black,2021,2,4,0,Gun
35.23107477814216,-80.7294021186727,2021-02-06,247,Firearm,16.0,Male,Black,2021,2,5,0,Gun
35.2795092407451,-80.90112992618859,2021-01-31,190,Firearm,31.0,Male,Black,2021,1,6,0,Gun
35.260922873573556,-80.8427175516953,2021-01-29,374,Handgun,28.0,Male,Black,2021,1,4,0,Gun
35.11812879787763,-80.86988779501314,2021-01-29,142,Firearm,26.0,Male,Black,2021,1,4,0,Gun
35.14093236232195,-80.90443942096375,2021-01-28,54,Handgun,25.0,Male,Black,2021,1,3,0,Gun
35.27098886290817,-80.7940884878942,2021-01-26,371,Handgun,20.0,Male,Black,2021,1,1,0,Gun
35.27404749868576,-80.79853239651845,2021-01-24,138,Firearm,21.0,Male,Black,2021,1,6,0,Gun
35.2167480251592,-80.88012169826155,2021-01-05,326,Handgun,34.0,Male,Black,2021,1,1,0,Gun
35.22870482511156,-80.80877773748173,2021-01-04,378,Vehicle,26.0,Female,White,2021,1,0,0,Other
35.294967133053504,-80.96280946719287,2020-12-28,332,Knife,51.0,Male,Black,2020,12,0,0,Blade
35.26472247169381,-80.7353372114322,2020-12-28,48,Knife,,Male,Hispanic,2020,12,0,0,Blade
35.20471596609749,-80.69870573628101,2020-12-24,146,Firearm,13.0,Female,Hispanic,2020,12,3,0,Gun
35.20471596609749,-80.69870573628101,2020-12-24,146,Firearm,16.0,Female,Hispanic,2020,12,3,0,Gun
35.32336484434748,-80.73829486214672,2020-12-23,65,Handgun,50.0,Female,Black,2020,12,2,0,Gun
35.27672406778516,-80.85641979606348,2020-12-22,123,Firearm,30.0,Male,Black,2020,12,1,0,Gun
35.192749148960395,-80.79173639757012,2020-12-22,394,Handgun,24.0,Male,Black,2020,12,1,0,Gun
35.200146645214154,-80.73906078932242,2020-12-21,316,Rifle,31.0,Male,Hispanic,2020,12,0,0,Gun
35.34007476640101,-80.86367797123795,2020-12-17,209,Vehicle,31.0,Male,Hispanic,2020,12,3,0,Other
35.29711265237962,-80.92624275106274,2020-12-13,137,Firearm,17.0,Male,Black,2020,12,6,0,Gun
35.31422494869005,-80.71205261340045,2020-12-13,60,Firearm,23.0,Male,Black,2020,12,6,0,Gun
35.12509661698858,-80.8692815599267,2020-12-12,12,Handgun,36.0,Male,Black,2020,12,5,0,Gun
35.18231629354355,-80.7518584706447,2020-11-30,202,Handgun,46.0,Male,Hispanic,2020,11,0,0,Gun
35.3259457800384,-80.69325340155228,2020-11-29,155,Firearm,48.0,Male,Black,2020,11,6,0,Gun
35.245431353018674,-80.86604760380892,2020-11-27,382,Handgun,42.0,Male,Black,2020,11,4,0,Gun
35.245431353018674,-80.86604760380892,2020-11-26,382,Handgun,60.0,Male,Black,2020,11,3,0,Gun
35.209243232156425,-80.89838846539048,2020-11-20,159,Handgun,16.0,Male,Black,2020,11,4,0,Gun
35.281115781398,-80.76660946037732,2020-11-07,103,Firearm,16.0,Male,Hispanic,2020,11,5,0,Gun
35.31349406717324,-80.72636979555116,2020-11-06,219,Handgun,23.0,Male,Black,2020,11,4,0,Gun
35.30153151923783,-80.75638941406991,2020-11-04,331,Handgun,37.0,Male,Black,2020,11,2,0,Gun
35.198378187286,-80.75001762703289,2020-10-30,135,Shotgun,26.0,Male,Black,2020,10,4,0,Gun
35.284794207265975,-80.79842132249166,2020-10-28,328,Handgun,41.0,Male,Black,2020,10,2,0,Gun
35.231891446638556,-80.814729956793,2020-10-27,37,Handgun,30.0,Male,Black,2020,10,1,0,Gun
35.32391477902131,-80.74686704969837,2020-10-24,65,Handgun,22.0,Male,Black,2020,10,5,0,Gun
35.1466248571197,-80.8933603001199,2020-10-21,53,Handgun,21.0,Male,Black,2020,10,2,0,Gun
35.22705132582197,-80.77364212192938,2020-10-19,90,Handgun,27.0,Female,Black,2020,10,0,0,Gun
35.22705132582197,-80.77364212192938,2020-10-19,90,Handgun,26.0,Male,Black,2020,10,0,0,Gun
35.23292429098422,-80.83262532972554,2020-10-16,476,Handgun,37.0,Male,Black,2020,10,4,0,Gun
35.24143300087088,-80.87190517270226,2020-10-13,293,Firearm,41.0,Male,Black,2020,10,1,0,Gun
35.25413133211265,-80.85751614821355,2020-10-12,85,Handgun,58.0,Male,Black,2020,10,0,0,Gun
35.332795501893216,-80.81386576461624,2020-10-12,281,Firearm,21.0,Male,Black,2020,10,0,0,Gun
35.21572928899085,-80.75743928291708,2020-10-09,389,Knife,25.0,Male,Black,2020,10,4,0,Blade
35.26084439816389,-80.8799807564896,2020-10-09,292,Firearm,47.0,Male,Black,2020,10,4,0,Gun
35.28894891091544,-80.75538720175827,2020-10-05,219,Handgun,20.0,Male,Hispanic,2020,10,0,0,Gun
35.24610554039327,-80.88390162872159,2020-10-01,6,Handgun,24.0,Male,Other/Unknown,2020,10,3,0,Gun
35.287591533079826,-80.76010714524497,2020-09-30,331,Handgun,17.0,Male,Black,2020,9,2,0,Gun
35.26742856823153,-80.76842342160626,2020-09-27,234,Rifle,17.0,Male,Hispanic,2020,9,6,0,Gun
35.24047838841917,-80.76519862671537,2020-09-10,223,Handgun,32.0,Female,Hispanic,2020,9,3,0,Gun
35.24026901084329,-80.85845608573149,2020-09-06,382,Firearm,28.0,Male,Black,2020,9,6,0,Gun
35.25845124099764,-80.83609807300758,2020-09-04,363,Firearm,19.0,Male,Hispanic,2020,9,4,0,Gun
35.24117232050365,-80.76736082463164,2020-08-23,223,Knife,62.0,Female,Asian,2020,8,6,0,Blade
35.339494397284,-80.77140226527824,2020-08-22,218,Physical,35.0,Male,Black,2020,8,5,0,Other
35.20061166587395,-80.75821468681562,2020-08-21,16,Handgun,20.0,Male,Black,2020,8,4,0,Gun
35.14588329425028,-80.89578555822222,2020-08-18,53,Rifle,37.0,Male,Black,2020,8,1,0,Gun
35.23356017091128,-80.73220472285428,2020-08-18,247,Knife,36.0,Female,Black,2020,8,1,0,Blade
35.21154987482843,-80.89867996704717,2020-08-16,159,Firearm,28.0,Male,Black,2020,8,6,0,Gun
35.21154987482843,-80.89867996704717,2020-08-16,159,Firearm,22.0,Male,Black,2020,8,6,0,Gun
35.21154987482843,-80.89867996704717,2020-08-16,159,Firearm,29.0,Male,Black,2020,8,6,0,Gun
35.175779582730144,-80.74931816268493,2020-08-05,180,Firearm,18.0,Male,Black,2020,8,2,0,Gun
35.14764664111776,-80.92591664397246,2020-08-01,307,Handgun,22.0,Male,Black,2020,8,5,0,Gun
35.298142860200976,-80.8114307170188,2020-07-29,150,Firearm,22.0,Male,Black,2020,7,2,0,Gun
35.30922680844265,-80.9560526229785,2020-07-28,376,Firearm,22.0,Male,Black,2020,7,1,0,Gun
35.248886798910505,-80.7482154682799,2020-07-26,249,Knife,23.0,Male,Black,2020,7,6,0,Blade
35.248775085546285,-80.8200911065571,2020-07-25,157,Handgun,63.0,Female,Black,2020,7,5,0,Gun
35.22515440721774,-80.90699816690183,2020-07-24,387,Handgun,35.0,Male,Black,2020,7,4,0,Gun
35.15225256679109,-80.620220007483,2020-07-23,454,Handgun,48.0,Male,White,2020,7,3,0,Gun
35.300426815459645,-80.801649674293,2020-07-21,283,Firearm,27.0,Female,White,2020,7,1,0,Gun
35.2158099993622,-80.8851231365583,2020-07-21,326,Handgun,23.0,Male,Black,2020,7,1,0,Gun
35.19824279354674,-80.7477883511186,2020-07-18,135,Handgun,25.0,Male,Black,2020,7,5,0,Gun
35.14832597474083,-80.91966567037205,2020-07-16,307,Firearm,23.0,Male,Black,2020,7,3,0,Gun
35.22620935486766,-80.89038756955293,2020-07-16,124,Firearm,14.0,Male,Black,2020,7,3,0,Gun
35.302750488330716,-80.72512278733095,2020-07-12,64,Firearm,21.0,Male,Black,2020,7,6,0,Gun
35.26973731406461,-80.7978708665094,2020-07-12,138,Handgun,17.0,Male,Black,2020,7,6,0,Gun
35.238139960254344,-80.73727622472799,2020-07-11,247,Handgun,52.0,Male,Black,2020,7,5,0,Gun
35.204375685732394,-80.79290280634261,2020-07-09,2,Handgun,57.0,Male,Black,2020,7,3,0,Gun
35.202502301777265,-80.72597987468629,2020-07-06,58,Handgun,52.0,Male,Black,2020,7,0,0,Gun
35.27676456150755,-80.85539189600397,2020-06-30,123,Handgun,14.0,Male,Black,2020,6,1,0,Gun
35.319989547213126,-80.86506199201047,2020-06-29,260,Firearm,34.0,Male,Black,2020,6,0,0,Gun
35.23986199009052,-80.87610309294922,2020-06-29,293,Handgun,44.0,Male,Black,2020,6,0,0,Gun
35.185614600924026,-80.77611777601054,2020-06-22,390,Handgun,21.0,Female,Black,2020,6,0,0,Gun
35.26299848986494,-80.85471963641058,2020-06-22,374,Firearm,31.0,Male,Black,2020,6,0,0,Gun
35.26299848986494,-80.85471963641058,2020-06-22,374,Firearm,29.0,Female,Black,2020,6,0,0,Gun
35.26299848986494,-80.85471963641058,2020-06-22,374,Firearm,24.0,Male,Black,2020,6,0,0,Gun
35.26299848986494,-80.85471963641058,2020-06-22,374,Firearm,39.0,Male,Black,2020,6,0,0,Gun
35.31260823602668,-80.7247015136077,2020-06-21,219,Firearm,24.0,Male,Black,2020,6,6,0,Gun
35.25353189777321,-80.83411769900245,2020-06-21,363,Handgun,33.0,Male,Black,2020,6,6,0,Gun
35.20674759549437,-80.7592009207503,2020-06-16,164,Knife,28.0,Female,Black,2020,6,1,0,Blade
35.186139165203215,-80.76450356018161,2020-06-12,52,Handgun,27.0,Male,Black,2020,6,4,0,Gun
35.20029652138944,-80.80626210304285,2020-06-10,370,Handgun,28.0,Male,Black,2020,6,2,0,Gun
35.21300978130401,-80.8010757972757,2020-06-09,2,Physical,24.0,Male,Hispanic,2020,6,1,0,Other
35.33952601912401,-80.80204960730882,2020-06-06,38,Rifle,21.0,Male,Black,2020,6,5,0,Gun
35.1991603276362,-80.80487093332415,2020-06-03,370,Firearm,31.0,Male,Black,2020,6,2,0,Gun
35.29858938649504,-80.78953480895844,2020-05-24,259,Handgun,44.0,Male,Black,2020,5,6,0,Gun
35.26299472870896,-80.89645539994406,2020-05-23,385,Handgun,29.0,Male,Black,2020,5,5,0,Gun
35.23610372013712,-80.75194368274758,2020-05-18,327,Handgun,15.0,Male,White,2020,5,0,0,Gun
35.26415230955644,-80.88498269684185,2020-05-15,385,Knife,39.0,Female,Black,2020,5,4,0,Blade
35.2440982393542,-80.78426723880204,2020-05-03,10,Handgun,41.0,Male,Black,2020,5,6,0,Gun
35.25159954796248,-80.81940045793509,2020-04-24,369,Handgun,17.0,Male,Black,2020,4,4,0,Gun
35.29153350535323,-80.73814788124794,2020-04-23,221,Handgun,23.0,Male,Asian,2020,4,3,0,Gun
35.23822413244619,-80.9897970606869,2020-04-08,35,Handgun,41.0,Male,White,2020,4,2,0,Gun
35.27338058784149,-80.77520451484594,2020-04-07,371,Handgun,17.0,Male,Black,2020,4,1,0,Gun
35.212173194517106,-80.80170691569268,2020-04-02,315,Handgun,16.0,Male,Black,2020,4,3,0,Gun
35.247365017099455,-80.80911520005891,2020-03-30,22,Knife,20.0,Female,White,2020,3,0,0,Blade
35.264573062622844,-80.84789995396436,2020-03-28,374,Handgun,37.0,Male,Black,2020,3,5,0,Gun
35.13817201116828,-80.88875458870668,2020-03-28,79,Knife,64.0,Male,Hispanic,2020,3,5,0,Blade
35.24795111937601,-80.75798063513858,2020-03-22,223,Rifle,20.0,Male,Black,2020,3,6,0,Gun
35.135545741675486,-80.8918518447108,2020-03-18,116,Handgun,25.0,Male,Black,2020,3,2,0,Gun
35.17903752401269,-80.88347922723528,2020-03-18,290,Handgun,34.0,Male,Black,2020,3,2,0,Gun
35.298561067898625,-80.80495709522245,2020-03-16,238,Handgun,24.0,Male,Black,2020,3,0,0,Gun
35.20279022449939,-80.87533310693951,2020-03-14,30,Firearm,,Male,Black,2020,3,5,0,Gun
35.292861903899414,-80.73462333821801,2020-03-10,64,Handgun,43.0,Male,Black,2020,3,1,0,Gun
35.246616905384606,-80.89163855094756,2020-03-08,6,Handgun,19.0,Female,White,2020,3,6,0,Gun
35.257053837396676,-80.89904426693741,2020-03-04,385,Handgun,22.0,Male,Black,2020,3,2,0,Gun
35.14629069554721,-80.73052787210504,2020-03-01,272,Handgun,55.0,Male,Asian,2020,3,6,0,Gun
35.26291548180729,-80.88181448649516,2020-02-29,385,Handgun,25.0,Male,Black,2020,2,5,0,Gun
35.341618454272066,-80.75953571432844,2020-02-28,153,Handgun,30.0,Male,Black,2020,2,4,0,Gun
35.18948454722901,-80.77251979358424,2020-02-22,52,Physical,0.0,Male,Black,2020,2,5,0,Other
35.255280141692346,-80.87390876074568,2020-02-17,88,Firearm,30.0,Female,Black,2020,2,0,0,Gun
35.14036256954473,-80.89418176679047,2020-02-16,79,Handgun,32.0,Male,Hispanic,2020,2,6,0,Gun
35.124400307117625,-80.93514843399541,2020-02-05,285,Handgun,37.0,Male,Hispanic,2020,2,2,0,Gun
35.28735261664643,-80.7305510553577,2020-02-02,192,Handgun,19.0,Male,Black,2020,2,6,0,Gun
35.138256344204926,-80.89442724515732,2020-01-24,53,Handgun,20.0,Male,Black,2020,1,4,0,Gun
35.259481011699,-80.82907186595816,2020-01-16,363,Firearm,19.0,Male,Black,2020,1,3,0,Gun
35.19185981475909,-80.77020800688238,2020-01-14,52,Physical,0.0,Male,White,2020,1,1,0,Other
35.386312726806,-80.76424475557586,2020-01-11,372,Firearm,35.0,Female,Black,2020,1,5,0,Gun
35.386312726806,-80.76424475557586,2020-01-11,372,Firearm,35.0,Male,Black,2020,1,5,0,Gun
35.32016996269413,-80.86101569389307,2020-01-08,260,Firearm,43.0,Male,Black,2020,1,2,0,Gun
35.23734729321664,-80.82945567512441,2019-12-24,157,Handgun,63.0,Male,Black,2019,12,1,0,Gun
35.31297834578475,-80.88428334250925,2019-12-23,49,Handgun,40.0,Male,Black,2019,12,0,0,Gun
35.03487689908734,-80.83155764180698,2019-12-21,151,Handgun,43.0,Male,Black,2019,12,5,0,Gun
35.13785918939587,-80.93131937277197,2019-12-20,92,Vehicle,56.0,Male,White,2019,12,4,0,Other
35.245466588684785,-80.81146820019836,2019-12-09,22,Handgun,61.0,Male,White,2019,12,0,0,Gun
35.17955582545572,-80.7672462752713,2019-12-05,99,Vehicle,11.0,Male,Black,2019,12,3,0,Other
35.25653332700463,-80.75154235772706,2019-12-02,17,Firearm,49.0,Male,Black,2019,12,0,0,Gun
35.16151508326804,-80.74316251192339,2019-11-29,246,Handgun,46.0,Male,Black,2019,11,4,0,Gun
35.23766855096292,-80.78997470432357,2019-11-28,10,Handgun,37.0,Female,Black,2019,11,3,0,Gun
35.23673837042278,-80.73574910093615,2019-11-26,247,Handgun,51.0,Male,Black,2019,11,1,0,Gun
35.297733029307764,-80.73911159763662,2019-11-25,64,Handgun,19.0,Male,White,2019,11,0,0,Gun
35.27568697983476,-80.80543845669472,2019-11-17,138,Handgun,27.0,Female,Black,2019,11,6,0,Gun
35.2094719722227,-80.89554424401675,2019-11-11,120,Knife,79.0,Male,Black,2019,11,0,0,Blade
35.11082349152701,-80.86405823667947,2019-11-09,129,Handgun,40.0,Female,White,2019,11,5,0,Gun
35.11082349152701,-80.86405823667947,2019-11-09,129,Handgun,39.0,Male,Black,2019,11,5,0,Gun
35.23270255378031,-80.83764107638493,2019-11-09,476,Handgun,24.0,Male,Black,2019,11,5,0,Gun
35.038695556913545,-80.86395503610171,2019-11-07,169,Knife,45.0,Male,Black,2019,11,3,0,Blade
35.11718717691854,-80.86999999265727,2019-10-27,142,Handgun,20.0,Female,Hispanic,2019,10,6,0,Gun
35.26601842626162,-80.94061585660887,2019-10-26,333,Vehicle,58.0,Male,White,2019,10,5,0,Other
35.264051177487985,-80.8530950791376,2019-10-25,374,Handgun,25.0,Male,Black,2019,10,4,0,Gun
35.24789880407463,-80.84420501818576,2019-10-24,295,Firearm,29.0,Male,Black,2019,10,3,0,Gun
35.284762450589604,-80.72449350289016,2019-10-21,192,Handgun,20.0,Male,Black,2019,10,0,0,Gun
35.213993776283544,-80.86186159748527,2019-10-20,388,Handgun,33.0,Male,Black,2019,10,6,0,Gun
35.207416815464725,-80.74296942144838,2019-10-19,127,Handgun,21.0,Male,Black,2019,10,5,0,Gun
35.23985713964036,-80.88578365435127,2019-10-16,6,Cutting Instrument,61.0,Female,Black,2019,10,2,0,Blade
35.19682055076115,-80.72646547674377,2019-10-12,58,Firearm,19.0,Male,Black,2019,10,5,0,Gun
35.282639758272246,-80.77907625967973,2019-10-04,291,Vehicle,48.0,Male,Black,2019,10,4,0,Other
35.12816042753312,-80.87675454498836,2019-10-03,12,Firearm,33.0,Male,Black,2019,10,3,0,Gun
35.2262499370473,-80.84197662331752,2019-09-30,476,Handgun,74.0,Male,White,2019,9,0,0,Gun
35.236128158148226,-80.84152344656516,2019-09-23,476,Razor,58.0,Male,Black,2019,9,0,0,Blade
35.240231339902415,-80.84601774894908,2019-09-22,182,Handgun,26.0,Male,Black,2019,9,6,0,Gun
35.28691602611484,-80.86897625199857,2019-09-19,158,"Blunt Trauma, Firearm",51.0,Female,Black,2019,9,3,0,Other
35.25266839669142,-80.83052692288302,2019-09-16,363,Handgun,48.0,Male,Black,2019,9,0,0,Gun
35.21180925200365,-80.77801824800237,2019-09-04,164,Firearm,22.0,Female,Black,2019,9,2,0,Gun
35.31272284500448,-80.71799200584121,2019-08-31,60,Handgun,19.0,Male,Black,2019,8,5,0,Gun
35.30710914769388,-80.76552443836091,2019-08-27,334,Firearm,53.0,Male,Black,2019,8,1,0,Gun
35.236417910022915,-80.85780212501128,2019-08-20,51,Handgun,20.0,Male,Black,2019,8,1,0,Gun
35.10665154312257,-80.98347379533013,2019-08-12,82,Handgun,28.0,Female,Black,2019,8,0,0,Gun
35.23381597009528,-80.73812851070463,2019-08-09,247,Handgun,19.0,Male,Hispanic,2019,8,4,0,Gun
35.28019135479964,-80.78429435550753,2019-08-08,291,Handgun,23.0,Male,Black,2019,8,3,0,Gun
35.178292627223314,-80.88066376560691,2019-07-30,290,Physical,1.0,Male,Black,2019,7,1,0,Other
35.23745041355585,-80.74299255795763,2019-07-25,312,Handgun,17.0,Male,Black,2019,7,3,0,Gun
35.14588329425028,-80.89578555822222,2019-07-24,53,Handgun,44.0,Male,Black,2019,7,2,0,Gun
35.22992262251619,-80.67952149778662,2019-07-19,98,Firearm,29.0,Male,Black,2019,7,4,0,Gun
35.18231629354355,-80.7518584706447,2019-07-14,202,Handgun,,Male,Hispanic,2019,7,6,0,Gun
35.18231629354355,-80.7518584706447,2019-07-14,202,Handgun,33.0,Male,Hispanic,2019,7,6,0,Gun
35.10747582214034,-80.88145221235251,2019-07-09,116,Handgun,48.0,Male,Black,2019,7,1,0,Gun
35.3169674553572,-80.82313889753071,2019-07-04,117,Firearm,23.0,Female,Black,2019,7,3,0,Gun
35.2536159968662,-80.67796328820683,2019-07-02,242,Knife,35.0,Female,Black,2019,7,1,0,Blade
35.32203092409535,-80.86008922499339,2019-07-01,260,Handgun,40.0,Male,Black,2019,7,0,0,Gun
35.16573438084184,-80.72470601221706,2019-06-19,131,Handgun,22.0,Male,Black,2019,6,2,0,Gun
35.260799262587994,-80.85512521003432,2019-06-17,85,Handgun,17.0,Female,Black,2019,6,0,0,Gun
35.232405790790466,-80.8445006140123,2019-06-12,476,Handgun,24.0,Male,Black,2019,6,2,0,Gun
35.32200233191442,-80.89033346228257,2019-06-05,211,Handgun,16.0,Male,Black,2019,6,2,0,Gun
35.23593150965873,-80.88056793306853,2019-06-03,6,Handgun,50.0,Male,Black,2019,6,0,0,Gun
35.13704658508362,-80.89323490307008,2019-05-27,53,Physical,43.0,Male,Hispanic,2019,5,0,0,Other
35.262867580244155,-80.84476525139199,2019-05-25,374,Handgun,26.0,Female,Black,2019,5,5,0,Gun
35.211757379128926,-80.85771186457173,2019-05-18,3,Knife,32.0,Male,Black,2019,5,5,0,Blade
35.232145914608104,-80.83375664697692,2019-05-09,476,Knife,62.0,Female,Black,2019,5,3,0,Blade
35.20333596253576,-80.80497348316156,2019-05-05,366,Rifle,59.0,Male,Black,2019,5,6,0,Gun
35.22033333126128,-80.65850439102613,2019-05-04,229,Knife,19.0,Female,Black,2019,5,5,0,Blade
35.314082126919054,-80.72115880854513,2019-05-01,60,Handgun,22.0,Male,Black,2019,5,2,0,Gun
35.303968703096075,-80.72699235615845,2019-04-30,62,Handgun,21.0,Male,White,2019,4,1,0,Gun
35.303968703096075,-80.72699235615845,2019-04-30,62,Handgun,19.0,Male,White,2019,4,1,0,Gun
35.156782425777976,-80.87625233803621,2019-04-29,106,Handgun,41.0,Male,Hispanic,2019,4,0,0,Gun
35.17896463347627,-80.89096526332268,2019-04-28,178,Handgun,30.0,Female,Black,2019,4,6,0,Gun
35.19682055076115,-80.72646547674377,2019-04-28,58,Handgun,21.0,Female,Black,2019,4,6,0,Gun
35.262867580244155,-80.84476525139199,2019-04-28,374,Handgun,40.0,Male,Black,2019,4,6,0,Gun
35.24445848334146,-80.75228422510092,2019-04-26,249,Knife,43.0,Male,Hispanic,2019,4,4,0,Blade
35.251279640915456,-80.74731541551448,2019-04-15,249,Handgun,22.0,Male,Black,2019,4,0,0,Gun
35.27098886290817,-80.7940884878942,2019-04-15,371,Firearm,20.0,Male,Black,2019,4,0,0,Gun
35.23745041355585,-80.74299255795763,2019-04-06,327,Firearm,31.0,Male,Black,2019,4,5,0,Gun
35.26465180411698,-80.84670218534819,2019-04-03,374,Handgun,71.0,Female,Black,2019,4,2,0,Gun
35.10288108788508,-80.79845024037573,2019-03-31,263,Knife,24.0,Male,White,2019,3,6,0,Blade
35.247145250389295,-80.81791069160222,2019-03-28,157,Firearm,27.0,Female,Black,2019,3,3,0,Gun
35.258214041296824,-80.67831937877462,2019-03-25,324,Knife,27.0,Male,Black,2019,3,0,0,Blade
35.175697566493625,-80.89426666672968,2019-03-23,178,Handgun,31.0,Male,Black,2019,3,5,0,Gun
35.32529031294735,-80.71056533970305,2019-03-18,61,"Handgun, Rifle",22.0,Male,Black,2019,3,0,0,Gun
35.228974557566666,-80.84514299256787,2019-03-16,476,Handgun,20.0,Male,Black,2019,3,5,0,Gun
35.28019135479964,-80.78429435550753,2019-03-10,291,Handgun,28.0,Male,Hispanic,2019,3,6,0,Gun
35.23986199009052,-80.87610309294922,2019-03-08,293,Handgun,48.0,Male,Black,2019,3,4,0,Gun
35.233030926181414,-80.86253127919359,2019-02-27,51,Handgun,17.0,Male,Black,2019,2,2,0,Gun
35.233030926181414,-80.86253127919359,2019-02-27,51,Handgun,18.0,Male,Black,2019,2,2,0,Gun
35.27797215420823,-80.78960766552454,2019-02-26,371,Handgun,31.0,Female,Black,2019,2,1,0,Gun
35.04812282313036,-80.77362068964075,2019-02-24,379,Handgun,51.0,Male,White,2019,2,6,0,Gun
35.04812282313036,-80.77362068964075,2019-02-24,379,Handgun,15.0,Female,White,2019,2,6,0,Gun
35.27893359786166,-80.79353302935976,2019-02-23,371,Firearm,21.0,Male,Black,2019,2,5,0,Gun
35.24801076941307,-80.81480780694632,2019-02-23,157,Handgun,42.0,Male,Black,2019,2,5,0,Gun
35.24975604383895,-80.8935238994347,2019-02-20,6,Handgun,52.0,Male,Black,2019,2,2,0,Gun
35.23710966109174,-80.9416821642358,2019-02-18,387,"Handgun, Rifle",35.0,Male,Black,2019,2,0,0,Gun
35.168047834250224,-80.88151842155615,2019-02-17,290,Handgun,28.0,Male,Black,2019,2,6,0,Gun
35.19186602331088,-80.79254385721663,2019-02-09,370,Firearm,23.0,Male,Black,2019,2,5,0,Gun
35.358057507161384,-80.79678107360694,2019-01-28,251,Physical,0.0,Female,Black,2019,1,0,0,Other
35.203110716635834,-80.72397720287542,2019-01-25,58,Handgun,22.0,Male,Black,2019,1,4,0,Gun
35.28065677035839,-80.81802576963707,2019-01-25,160,Rifle,63.0,Female,Black,2019,1,4,0,Gun
35.20172857927963,-80.76058913584455,2019-01-14,365,Handgun,29.0,Male,White,2019,1,0,0,Gun
35.24396822535996,-80.91761577777135,2019-01-12,199,Handgun,38.0,Male,Black,2019,1,5,0,Gun
35.30777205156597,-80.70234237060014,2019-01-06,377,Handgun,22.0,Male,White,2019,1,6,0,Gun
35.19429188884507,-80.72514645026284,2019-01-04,58,Handgun,21.0,Male,Black,2019,1,4,0,Gun
35.243277769104296,-80.87753178083231,2019-01-01,5,Rifle,37.0,Male,Black,2019,1,1,0,Gun
35.31555973415083,-80.82044523492851,2019-01-01,117,Rifle,53.0,Male,Black,2019,1,1,0,Gun
35.21835787990031,-80.68255138767843,2018-12-30,229,Handgun,24.0,Male,Black,2018,12,6,0,Gun
35.2039318728965,-80.80168537199314,2018-12-29,366,Handgun,47.0,Male,White,2018,12,5,0,Gun
35.25491184321893,-80.83264114855031,2018-12-20,363,Handgun,29.0,Male,Black,2018,12,3,0,Gun
35.0803616338268,-80.83323388987498,2018-12-17,224,Handgun,22.0,Male,Black,2018,12,0,0,Gun
35.28599876064168,-80.732214786122,2018-12-01,221,Firearm,,Male,Black,2018,12,5,0,Gun
35.26742856823153,-80.76842342160626,2018-11-25,101,Handgun,25.0,Male,Black,2018,11,6,0,Gun
35.28868396793603,-80.72506928649682,2018-11-20,192,Firearm,22.0,Male,Black,2018,11,1,0,Gun
35.2485505168587,-80.8438177729412,2018-11-18,295,Physical,56.0,Male,White,2018,11,6,0,Other
35.22358785325136,-80.78024791742652,2018-11-14,314,Handgun,30.0,Male,Hispanic,2018,11,2,0,Gun
35.249315925126204,-80.91259593139324,2018-11-08,258,Physical,39.0,Male,Black,2018,11,3,0,Other
35.11938696209119,-80.98381029259652,2018-11-04,267,Physical,35.0,Female,White,2018,11,6,0,Other
35.19835290312819,-80.88410988563531,2018-10-19,290,Firearm,22.0,Male,Black,2018,10,4,0,Gun
35.19682055076115,-80.72646547674377,2018-10-19,58,Handgun,57.0,Male,Black,2018,10,4,0,Gun
35.21701373839579,-80.79127220445315,2018-10-17,86,Handgun,29.0,Female,White,2018,10,2,0,Gun
35.27825915256859,-80.76613861033697,2018-10-09,103,Firearm,27.0,Male,Black,2018,10,1,0,Gun
35.257053837396676,-80.89904426693741,2018-09-23,385,Handgun,19.0,Male,Black,2018,9,6,0,Gun
35.263173099464225,-80.87495491635481,2018-09-22,292,Knife,48.0,Female,Black,2018,9,5,0,Blade
35.056132659137845,-80.85255208557606,2018-09-22,355,Handgun,44.0,Male,Black,2018,9,5,0,Gun
35.15904013323646,-80.87545097449,2018-09-17,106,Firearm,23.0,Male,Hispanic,2018,9,0,0,Gun
35.25842648500018,-80.84801507658129,2018-09-05,374,Handgun,34.0,Female,Black,2018,9,2,0,Gun
35.22873626934661,-80.89837393237143,2018-09-03,387,Firearm,20.0,Male,Black,2018,9,0,0,Gun
35.272912675867204,-80.88520566862852,2018-09-01,158,Handgun,44.0,Male,Black,2018,9,5,0,Gun
35.203639791758924,-80.87087274500163,2018-08-31,30,Handgun,24.0,Male,Black,2018,8,4,0,Gun
35.276616885385586,-80.90051276710535,2018-08-26,190,Handgun,21.0,Male,Black,2018,8,6,0,Gun
35.204050324666426,-80.87399938084162,2018-08-26,30,Handgun,20.0,Female,Black,2018,8,6,0,Gun
35.320677456739816,-80.79572747106252,2018-08-12,14,Knife,23.0,Male,Black,2018,8,6,0,Blade
35.19752391565242,-80.76887807692246,2018-08-06,240,Handgun,20.0,Male,Black,2018,8,0,0,Gun
35.24937639952254,-80.86524019066044,2018-07-25,382,Shotgun,28.0,Male,Black,2018,7,2,0,Gun
35.232903446085395,-80.82400351864759,2018-07-16,22,Handgun,19.0,Male,Black,2018,7,0,0,Gun
35.207330910255486,-80.89362937457601,2018-07-15,120,Firearm,18.0,Male,Black,2018,7,6,0,Gun
35.25038413467109,-80.77803982317239,2018-07-10,40,Firearm,29.0,Male,Black,2018,7,1,0,Gun
35.30046073912421,-80.75328904584258,2018-06-30,219,Handgun,32.0,Male,Black,2018,6,5,0,Gun
35.24670859557078,-80.75251354284174,2018-06-21,249,Knife,51.0,Male,Hispanic,2018,6,3,0,Blade
35.25785888346605,-80.84865217669774,2018-06-10,374,Firearm,54.0,Male,Black,2018,6,6,0,Gun
35.31391594413499,-80.76383822720875,2018-06-04,254,Handgun,25.0,Male,Black,2018,6,0,0,Gun
35.11884852368198,-80.98145248299025,2018-06-04,68,Firearm,18.0,Male,Black,2018,6,0,0,Gun
35.14789969600085,-80.89495915506743,2018-06-02,212,Physical,40.0,Female,Black,2018,6,5,0,Other
35.23325799477946,-80.83454200464338,2018-05-21,476,Handgun,39.0,Female,Black,2018,5,0,0,Gun
35.18663731089762,-80.74761307591464,2018-05-12,16,Handgun,36.0,Male,Black,2018,5,5,0,Gun
35.24445848334146,-80.75228422510092,2018-05-12,249,Firearm,19.0,Male,Hispanic,2018,5,5,0,Gun
35.11912406471449,-80.96069122502833,2018-05-10,68,Handgun,27.0,Female,White,2018,5,3,0,Gun
35.32016996269413,-80.86101569389307,2018-05-07,260,Rifle,25.0,Male,Black,2018,5,0,0,Gun
35.212802244953345,-80.792663002979,2018-04-20,86,Handgun,26.0,Male,Other/Unknown,2018,4,4,0,Gun
35.247855979010616,-80.90898377170171,2018-04-15,199,Handgun,44.0,Male,White,2018,4,6,0,Gun
35.17523156880912,-80.73087797603,2018-04-14,186,Unknown,21.0,Female,Black,2018,4,5,0,Other
35.18882493595081,-80.87562766248587,2018-04-05,13,Handgun,20.0,Male,Hispanic,2018,4,3,0,Gun
35.24978437483956,-80.74619456519589,2018-04-03,249,Handgun,36.0,Female,Hispanic,2018,4,1,0,Gun
35.14355116940447,-80.92922925718692,2018-03-29,96,Handgun,20.0,Male,Black,2018,3,3,0,Gun
35.254501414464535,-80.8775192269072,2018-03-21,88,Rifle,30.0,Male,Black,2018,3,2,0,Gun
35.24834010926193,-80.78770014394331,2018-03-07,344,Firearm,37.0,Male,Black,2018,3,2,0,Gun
35.28428278050427,-80.73248995021964,2018-02-02,221,Firearm,19.0,Male,Black,2018,2,4,0,Gun
35.279285254427684,-80.96505878119461,2018-02-01,34,Handgun,25.0,Male,Black,2018,2,3,0,Gun
35.267525045419724,-80.83902695299801,2018-01-20,363,Handgun,16.0,Male,Black,2018,1,5,0,Gun
35.295363884381025,-80.69082717318177,2018-01-15,377,Handgun,35.0,Male,Black,2018,1,0,0,Gun
35.29838200092309,-80.95982459825964,2018-01-13,332,Unknown,7.0,Male,Black,2018,1,5,0,Other
35.29838200092309,-80.95982459825964,2018-01-13,332,Unknown,3.0,Male,Black,2018,1,5,0,Other
35.230725970887235,-80.9072826974104,2018-01-11,387,Handgun,24.0,Female,Black,2018,1,3,0,Gun
35.2901566958946,-80.70471557192872,2017-12-22,192,Handgun,50.0,Female,Black,2017,12,4,0,Gun
35.25472148783352,-80.89758942447143,2017-12-14,385,Firearm,39.0,Male,Black,2017,12,3,0,Gun
35.22636874276593,-80.77258903902111,2017-12-09,389,Handgun,37.0,Female,Hispanic,2017,12,5,0,Gun
35.22636874276593,-80.77258903902111,2017-12-09,389,Handgun,61.0,Female,Hispanic,2017,12,5,0,Gun
35.11521688119244,-80.92492675878304,2017-12-09,285,Firearm,55.0,Male,White,2017,12,5,0,Gun
35.26083807517498,-80.8946595061469,2017-12-03,385,Handgun,23.0,Male,Black,2017,12,6,0,Gun
35.31579764065777,-80.74148258026331,2017-11-20,66,Firearm,19.0,Male,Black,2017,11,0,0,Gun
35.268666053832824,-80.85663143631903,2017-11-16,70,"Rifle, Shotgun",41.0,Male,Black,2017,11,3,0,Gun
35.25341769425713,-80.84434342539674,2017-11-12,311,Handgun,22.0,Male,Black,2017,11,6,0,Gun
35.16023733222917,-80.74715081774274,2017-11-04,248,Firearm,18.0,Male,Black,2017,11,5,0,Gun
35.231139569976996,-80.74078764858267,2017-10-24,167,Handgun,44.0,Male,White,2017,10,1,0,Gun
35.247855979010616,-80.90898377170171,2017-10-24,199,Knife,27.0,Male,Black,2017,10,1,0,Blade
35.13423715726313,-80.77805628681412,2017-10-20,161,Strangulation,23.0,Female,White,2017,10,4,0,Other
35.207902397014564,-80.89469071052751,2017-10-12,120,Handgun,24.0,Male,Black,2017,10,3,0,Gun
35.204050324666426,-80.87399938084162,2017-10-09,30,Handgun,53.0,Male,Black,2017,10,0,0,Gun
35.25659439375033,-80.73835011739213,2017-10-08,102,Firearm,35.0,Male,Black,2017,10,6,0,Gun
35.32188484679738,-80.86047484224349,2017-10-08,260,Firearm,29.0,Male,Black,2017,10,6,0,Gun
35.24027175802006,-80.85845614842746,2017-10-02,347,Handgun,21.0,Male,Black,2017,10,0,0,Gun
35.20143793856867,-80.80785431381575,2017-09-30,370,Handgun,60.0,Female,Black,2017,9,5,0,Gun
35.28342012994074,-80.86382515897297,2017-09-29,123,Unknown,19.0,Female,Black,2017,9,4,0,Other
35.264051177487985,-80.8530950791376,2017-09-28,374,Handgun,31.0,Male,Black,2017,9,3,0,Gun
35.164352883413876,-80.74094421630417,2017-09-27,246,Handgun,21.0,Male,Black,2017,9,2,0,Gun
35.25581410830643,-80.81855654690268,2017-09-20,369,Handgun,29.0,Male,Black,2017,9,2,0,Gun
35.21404699885978,-80.7794601033777,2017-09-18,164,Firearm,21.0,Male,White,2017,9,0,0,Gun
35.256366554238305,-80.86138657607928,2017-09-12,85,Firearm,26.0,Male,Black,2017,9,1,0,Gun
35.23292429098422,-80.83262532972554,2017-09-02,476,Handgun,38.0,Male,Black,2017,9,5,0,Gun
35.13612812288043,-80.93250281777352,2017-09-01,92,Knife,30.0,Female,Black,2017,9,4,0,Blade
35.235181342465076,-80.75509911218897,2017-08-30,168,Handgun,31.0,Male,Hispanic,2017,8,2,0,Gun
35.27480568651924,-80.9024476648607,2017-08-24,190,Handgun,22.0,Male,Black,2017,8,3,0,Gun
35.12432793984777,-80.78081385646134,2017-08-21,222,Handgun,25.0,Male,White,2017,8,0,0,Gun
35.26391472517209,-80.9733293728087,2017-08-10,73,Shotgun,24.0,Male,Black,2017,8,3,0,Gun
35.170038108044956,-80.74441910534733,2017-08-08,180,Firearm,25.0,Male,Black,2017,8,1,0,Gun
35.20033168091009,-80.79670757919278,2017-08-03,366,Handgun,43.0,Male,Black,2017,8,3,0,Gun
35.32092987265507,-80.8108886165102,2017-07-27,282,Unknown,69.0,Male,Black,2017,7,3,0,Other
35.32092987265507,-80.8108886165102,2017-07-27,282,Unknown,65.0,Female,Black,2017,7,3,0,Other
35.18690880781645,-80.76656218025167,2017-07-24,52,Handgun,17.0,Male,Other/Unknown,2017,7,0,0,Gun
35.32388218266273,-80.8034634513914,2017-07-07,282,Blunt Trauma,35.0,Female,White,2017,7,4,0,Other
35.299734899213576,-80.71280365486012,2017-07-03,301,Handgun,63.0,Male,Black,2017,7,0,0,Gun
35.22805585118006,-80.73104607512845,2017-07-02,166,Handgun,24.0,Male,Black,2017,7,6,0,Gun
35.24653813107739,-80.90069846586267,2017-06-24,199,Handgun,41.0,Male,Hispanic,2017,6,5,0,Gun
35.25721876250903,-80.80605413199626,2017-06-20,21,Firearm,,Male,Black,2017,6,1,0,Gun
35.25721876250903,-80.80605413199626,2017-06-20,21,Firearm,29.0,Male,Black,2017,6,1,0,Gun
35.2252908648002,-80.7396947765252,2017-06-20,167,Handgun,29.0,Male,Black,2017,6,1,0,Gun
35.2094719722227,-80.89554424401675,2017-06-18,120,Handgun,21.0,Male,White,2017,6,6,0,Gun
35.26744759041129,-80.87913469865204,2017-06-12,141,Firearm,32.0,Male,Black,2017,6,0,0,Gun
35.240497765380745,-80.9177584877849,2017-06-09,199,Handgun,37.0,Male,Other/Unknown,2017,6,4,0,Gun
35.28293935178252,-80.86006384890052,2017-06-07,123,Physical,2.0,Male,Black,2017,6,2,0,Other
35.287202302600825,-80.82280728204276,2017-06-05,160,Handgun,24.0,Male,Black,2017,6,0,0,Gun
35.28065677035839,-80.81802576963707,2017-06-04,160,Handgun,36.0,Male,Black,2017,6,6,0,Gun
35.25754592227355,-80.87683893855403,2017-05-29,88,Handgun,18.0,Male,Black,2017,5,0,0,Gun
35.275687029803706,-80.805435106669,2017-05-29,138,Handgun,23.0,Male,Black,2017,5,0,0,Gun
35.21649420557391,-80.84052033783365,2017-05-26,3,Physical,35.0,Male,Black,2017,5,4,0,Other
35.14736761500668,-80.8614709351093,2017-05-21,105,Arson,47.0,Female,Black,2017,5,6,0,Other
35.163547152405485,-80.9328450022093,2017-05-21,174,Unknown,44.0,Male,Hispanic,2017,5,6,0,Other
35.26141305598534,-80.8632911743269,2017-05-16,85,Handgun,30.0,Male,Black,2017,5,1,0,Gun
35.15542106639066,-80.74611736215475,2017-05-03,248,Handgun,29.0,Female,Black,2017,5,2,0,Gun
35.25913653214567,-80.88835779695555,2017-04-26,385,Handgun,29.0,Male,Black,2017,4,2,0,Gun
35.32535063036939,-80.79877807790633,2017-04-10,264,Knife,50.0,Female,Black,2017,4,0,0,Blade
35.2087762924898,-80.75840429133238,2017-04-05,164,Handgun,19.0,Male,Hispanic,2017,4,2,0,Gun
35.11476714512217,-80.96902833415925,2017-04-05,81,Blunt Trauma,34.0,Female,Black,2017,4,2,0,Other
35.21196644041727,-80.71963413514642,2017-04-02,59,"Blunt Trauma, Handgun, Kn",63.0,Male,Black,2017,4,6,0,Other
35.21196644041727,-80.71963413514642,2017-04-02,59,"Blunt Trauma, Handgun, Kn",62.0,Female,Black,2017,4,6,0,Other
35.23806536078634,-80.75178826007289,2017-04-01,327,Handgun,25.0,Male,Black,2017,4,5,0,Gun
35.26351252733646,-80.84932336822655,2017-03-28,374,Handgun,29.0,Male,Black,2017,3,1,0,Gun
35.27797215420823,-80.78960766552454,2017-03-24,291,Handgun,28.0,Male,Black,2017,3,4,0,Gun
35.26324254805538,-80.91388141821629,2017-03-22,346,Firearm,18.0,Male,Black,2017,3,2,0,Gun
35.19067155043519,-80.79710719182222,2017-03-21,370,Handgun,30.0,Male,Black,2017,3,1,0,Gun
35.29350188856549,-80.85243835206586,2017-03-17,139,Knife,27.0,Female,Hispanic,2017,3,4,0,Blade
35.29350188856549,-80.85243835206586,2017-03-17,139,Knife,25.0,Male,Black,2017,3,4,0,Blade
35.08202228718509,-80.83191720425562,2017-03-16,224,Handgun,25.0,Male,Hispanic,2017,3,3,0,Gun
35.260799262587994,-80.85512521003432,2017-03-14,374,Handgun,37.0,Male,Black,2017,3,1,0,Gun
35.158029846444144,-80.92364548370996,2017-02-24,96,Shotgun,22.0,Male,Black,2017,2,4,0,Gun
35.28077741377505,-80.79354349698362,2017-02-22,328,Blunt Trauma,46.0,Male,Black,2017,2,2,0,Other
35.14052695875869,-80.76008391273803,2017-02-19,36,Handgun,18.0,Male,White,2017,2,6,0,Gun
35.225853177163785,-80.84745015155386,2017-02-15,476,Handgun,65.0,Male,White,2017,2,2,0,Gun
35.200088892577774,-80.86359285499428,2017-02-14,381,Firearm,58.0,Male,White,2017,2,1,0,Gun
35.23081664157663,-80.7249622334821,2017-02-09,325,Unknown,18.0,Female,Black,2017,2,3,0,Other
35.32212453732306,-80.77473919925662,2017-01-26,274,Firearm,20.0,Male,Black,2017,1,3,0,Gun
35.253697720433024,-80.87653581266898,2017-01-17,88,Physical,0.0,Male,Black,2017,1,1,0,Other
35.27511547576788,-80.90144620171698,2017-01-13,190,Firearm,51.0,Male,Black,2017,1,4,0,Gun
35.25074397531779,-80.77674114355403,2017-01-12,40,Knife,37.0,Male,Black,2017,1,3,0,Blade
35.25845990272182,-80.7926296956312,2017-01-12,371,Handgun,45.0,Male,Black,2017,1,3,0,Gun
35.30430429693646,-80.90995276408161,2017-01-04,113,Handgun,38.0,Male,Black,2017,1,2,0,Gun
35.27665537950246,-80.79112360477104,2017-01-03,371,Knife,37.0,Female,Black,2017,1,1,0,Blade
35.24246648777907,-80.77525748228143,2017-01-02,128,Handgun,14.0,Male,Black,2017,1,0,0,Gun
35.18046858139201,-80.75760605155737,2017-01-02,52,Handgun,22.0,Male,Hispanic,2017,1,0,0,Gun
35.19067155043519,-80.79710719182222,2016-12-25,370,Firearm,33.0,Male,Black,2016,12,6,0,Gun
35.15576319954353,-80.74354813560345,2016-12-24,248,Blunt Trauma,4.0,Female,Black,2016,12,5,0,Other
35.22386456668936,-80.745039410689,2016-12-19,197,Handgun,27.0,Male,Black,2016,12,0,0,Gun
35.093258585722744,-80.84012075431365,2016-12-17,55,Unknown,65.0,Female,White,2016,12,5,0,Other
35.27274046640039,-80.7774390769843,2016-12-15,371,Handgun,21.0,Male,Black,2016,12,3,0,Gun
35.25180392221186,-80.89717635619506,2016-12-15,385,Shotgun,26.0,Male,Black,2016,12,3,0,Gun
35.18613027091447,-80.74333089118893,2016-12-14,16,Handgun,19.0,Male,Black,2016,12,2,0,Gun
35.1528292282246,-80.72778572368152,2016-12-07,107,Firearm,22.0,Male,White,2016,12,2,0,Gun
35.23932205420101,-80.79837174432977,2016-11-30,10,Handgun,45.0,Male,Black,2016,11,2,0,Gun
35.23734729321664,-80.82945567512441,2016-11-29,157,Knife,38.0,Male,Black,2016,11,1,0,Blade
35.25189036713756,-80.81027105113016,2016-11-27,21,Handgun,34.0,Male,Black,2016,11,6,0,Gun
35.251279640915456,-80.74731541551448,2016-11-22,249,Handgun,22.0,Male,Hispanic,2016,11,1,0,Gun
35.25788141955124,-80.93682012078743,2016-11-20,140,Firearm,36.0,Male,Black,2016,11,6,0,Gun
35.156782425777976,-80.87625233803621,2016-11-15,106,Knife,32.0,Female,Black,2016,11,1,0,Blade
35.204800976206855,-80.70749978805996,2016-11-13,147,Handgun,15.0,Male,Black,2016,11,6,0,Gun
35.20990294508896,-80.9097251070252,2016-11-12,321,Firearm,33.0,Male,Black,2016,11,5,0,Gun
35.251599333109326,-80.75105430492405,2016-11-09,17,Handgun,27.0,Male,Black,2016,11,2,0,Gun
35.21154471026876,-80.89883388017628,2016-11-05,159,Handgun,19.0,Male,Black,2016,11,5,0,Gun
35.21784599398346,-80.81453090033149,2016-11-05,315,Firearm,43.0,Male,Black,2016,11,5,0,Gun
35.23325799477946,-80.83454200464338,2016-10-26,476,Handgun,27.0,Female,Black,2016,10,2,0,Gun
35.10928584911637,-80.98304957110172,2016-10-20,82,Handgun,27.0,Male,Black,2016,10,3,0,Gun
35.29297781617658,-80.83687371244781,2016-10-19,237,Handgun,48.0,Male,Black,2016,10,2,0,Gun
35.221524676763856,-80.81056735877414,2016-10-15,378,Handgun,26.0,Female,White,2016,10,5,0,Gun
35.303386460668975,-80.74765326534133,2016-10-11,219,Handgun,29.0,Female,Black,2016,10,1,0,Gun
35.23325799477946,-80.83454200464338,2016-10-05,476,Blunt Trauma,64.0,Male,Black,2016,10,2,0,Other
35.240606769681584,-80.809524458501,2016-09-27,386,Blunt Trauma,45.0,Male,White,2016,9,1,0,Other
35.22720587075644,-80.84308672259519,2016-09-21,476,Handgun,26.0,Male,Black,2016,9,2,0,Gun
35.26272940710157,-80.87928714313583,2016-09-18,141,Firearm,32.0,Male,Black,2016,9,6,0,Gun
35.32535063036939,-80.79877807790633,2016-09-16,264,Rifle,35.0,Male,Black,2016,9,4,0,Gun
35.1958657943853,-80.87721929898208,2016-09-12,290,Handgun,40.0,Male,White,2016,9,0,0,Gun
35.21470595410207,-80.85700891496282,2016-09-09,3,Handgun,33.0,Female,Asian,2016,9,4,0,Gun
35.08332605865196,-80.83093681307001,2016-08-22,201,Handgun,20.0,Female,White,2016,8,0,0,Gun
35.14355116940447,-80.92922925718692,2016-08-20,96,Handgun,35.0,Male,Black,2016,8,5,0,Gun
35.240845513049806,-80.82910215145849,2016-08-16,157,Knife,49.0,Male,Black,2016,8,1,0,Blade
35.20955743095351,-80.6993390786147,2016-08-13,146,Handgun,31.0,Male,Black,2016,8,5,0,Gun
35.36854893213063,-80.73324216688945,2016-08-06,195,Handgun,38.0,Male,Black,2016,8,5,0,Gun
35.21524983016213,-80.73468512012292,2016-07-25,50,Blunt Trauma,2.0,Male,Black,2016,7,0,0,Other
35.32969806010725,-80.79803922759423,2016-07-24,264,Blunt Trauma,32.0,Male,Black,2016,7,6,0,Other
35.200146645214154,-80.73906078932242,2016-07-24,316,Knife,53.0,Female,Hispanic,2016,7,6,0,Blade
35.26866880099762,-80.8566314989753,2016-07-18,70,Knife,46.0,Female,Black,2016,7,0,0,Blade
35.27724792473071,-80.83467891009528,2016-07-15,160,Knife,34.0,Male,Black,2016,7,4,0,Blade
35.25979498165439,-80.90508558437121,2016-07-12,346,Firearm,41.0,Male,Black,2016,7,1,0,Gun
35.23303367335932,-80.86253134202143,2016-07-06,51,Firearm,31.0,Male,Black,2016,7,2,0,Gun
35.25940666972229,-80.8430283351571,2016-07-05,311,Handgun,22.0,Male,Black,2016,7,1,0,Gun
35.19433199824534,-80.80412455175474,2016-07-04,370,Handgun,19.0,Male,Black,2016,7,0,0,Gun
35.2413219117507,-80.87676983468607,2016-06-24,293,Rifle,30.0,Male,Black,2016,6,4,0,Gun
35.1086448170262,-80.9825891826096,2016-06-18,82,"Arson, Strangulation",27.0,Female,White,2016,6,5,0,Other
35.324642775373555,-80.71049472096362,2016-06-11,61,Handgun,20.0,Male,Black,2016,6,5,0,Gun
35.204778457885496,-80.70851046245883,2016-06-09,147,Handgun,79.0,Female,White,2016,6,3,0,Gun
35.326888690953645,-80.73861830060818,2016-05-30,65,Handgun,46.0,Male,Black,2016,5,0,0,Gun
35.25608943024821,-80.73677139851763,2016-05-27,102,Handgun,34.0,Male,Black,2016,5,4,0,Gun
35.25386872064574,-80.68410265589365,2016-05-25,242,Strangulation,36.0,Male,White,2016,5,2,0,Other
35.25608943024821,-80.73677139851763,2016-05-07,102,Handgun,24.0,Male,Black,2016,5,5,0,Gun
35.24601278493351,-80.90701431890501,2016-05-07,199,Handgun,28.0,Male,Black,2016,5,5,0,Gun
35.20828450476203,-80.68661911525453,2016-04-24,220,Blunt Trauma,0.0,Female,Black,2016,4,6,0,Other
35.286928207100104,-80.95042880435925,2016-04-07,348,Handgun,40.0,Male,Black,2016,4,3,0,Gun
35.24834010926193,-80.78770014394331,2016-03-31,344,Handgun,21.0,Male,Black,2016,3,3,0,Gun
35.25218481081751,-80.82633836733666,2016-03-31,369,Handgun,19.0,Male,Black,2016,3,3,0,Gun
35.17689200396968,-80.8816623590318,2016-03-27,290,Handgun,46.0,Male,Black,2016,3,6,0,Gun
35.26194804477712,-80.90675097616108,2016-03-22,346,Handgun,26.0,Male,Black,2016,3,1,0,Gun
35.212611703628696,-80.89317952102704,2016-03-19,294,Handgun,27.0,Male,Black,2016,3,5,0,Gun
35.207318725529625,-80.7248932765223,2016-03-10,59,Handgun,24.0,Male,Black,2016,3,3,0,Gun
35.21352130729671,-80.7622470542075,2016-03-05,389,Handgun,35.0,Male,White,2016,3,5,0,Gun
35.22379442115308,-80.84116756107265,2016-02-07,476,Handgun,29.0,Male,Black,2016,2,6,0,Gun
35.23050906710693,-80.87935084356106,2016-01-14,361,Unknown,67.0,Male,Black,2016,1,3,0,Other
35.265339206163986,-80.85422679385029,2016-01-03,374,Handgun,45.0,Male,Black,2016,1,6,0,Gun
35.31128645444305,-80.90424949709558,2015-12-30,112,Handgun,34.0,Male,Black,2015,12,2,0,Gun
35.26310683110108,-80.87975824828521,2015-12-23,141,Handgun,54.0,Male,Black,2015,12,2,0,Gun
35.27665537950246,-80.79112360477104,2015-12-20,371,Handgun,16.0,Female,Black,2015,12,6,0,Gun
35.109165896538116,-80.88639066847745,2015-12-04,116,Handgun,28.0,Male,Black,2015,12,4,0,Gun
35.109165896538116,-80.88639066847745,2015-12-04,116,Handgun,30.0,Male,Black,2015,12,4,0,Gun
35.109165896538116,-80.88639066847745,2015-12-04,116,Handgun,29.0,Male,Black,2015,12,4,0,Gun
35.22588466328835,-80.74635533225418,2015-12-02,167,Handgun,35.0,Female,White,2015,12,2,0,Gun
35.23027056583303,-80.82018330939238,2015-11-12,37,Handgun,31.0,Male,Black,2015,11,3,0,Gun
35.160292411864795,-80.7421926919303,2015-10-28,270,Handgun,22.0,Male,Black,2015,10,2,0,Gun
35.24136710499916,-80.86139209001436,2015-10-28,382,Physical,53.0,Female,Black,2015,10,2,0,Other
35.24875440528987,-80.75413542531035,2015-10-24,223,Handgun,28.0,Male,Black,2015,10,5,0,Gun
35.22691843404524,-80.90422614456645,2015-10-17,387,Handgun,29.0,Male,Black,2015,10,5,0,Gun
35.24964161260316,-80.75549120333373,2015-10-15,223,"Handgun, Shotgun",23.0,Male,Black,2015,10,3,0,Gun
35.28293935178252,-80.86006384890052,2015-10-07,123,Handgun,25.0,Male,Black,2015,10,2,0,Gun
35.20958929293134,-80.91392010848773,2015-10-02,306,Handgun,23.0,Female,Black,2015,10,4,0,Gun
35.16714029837118,-80.89965683836103,2015-09-30,121,Handgun,23.0,Male,Black,2015,9,2,0,Gun
35.252198127094424,-80.83254656577347,2015-09-27,363,Handgun,41.0,Male,Black,2015,9,6,0,Gun
35.335753370670325,-80.92388130991189,2015-09-19,110,Handgun,37.0,Female,White,2015,9,5,0,Gun
35.190806068019235,-80.77160450983278,2015-09-19,52,Handgun,26.0,Male,Black,2015,9,5,0,Gun
35.25594800496141,-80.87922107240612,2015-09-10,88,Handgun,42.0,Male,Black,2015,9,3,0,Gun
35.25173918627833,-80.76921165481868,2015-09-06,100,Handgun,30.0,Male,Hispanic,2015,9,6,0,Gun
35.15781966142754,-80.90411783432951,2015-09-06,54,"Handgun, Rifle",30.0,Female,Black,2015,9,6,0,Gun
35.16088983179076,-80.9103604737489,2015-09-05,54,Rifle,7.0,Male,Hispanic,2015,9,5,0,Gun
35.27628655484846,-80.86895671374619,2015-09-05,158,Handgun,23.0,Male,Black,2015,9,5,0,Gun
35.27628655484846,-80.86895671374619,2015-09-05,158,Handgun,25.0,Male,Black,2015,9,5,0,Gun
35.260922873573556,-80.8427175516953,2015-08-24,374,Handgun,24.0,Male,Black,2015,8,0,0,Gun
35.215824655932856,-80.67657873304363,2015-08-20,229,Blunt Trauma,47.0,Male,White,2015,8,3,0,Other
35.20029652138944,-80.80626210304285,2015-08-18,370,Handgun,33.0,Male,Black,2015,8,1,0,Gun
35.3342707781316,-80.74085527231607,2015-08-09,80,Handgun,19.0,Male,Black,2015,8,6,0,Gun
35.25074397531779,-80.77674114355403,2015-08-02,40,Handgun,27.0,Male,Black,2015,8,6,0,Gun
35.262522400374095,-80.86156418304569,2015-07-22,85,Handgun,23.0,Male,Black,2015,7,2,0,Gun
35.096988602235626,-81.03224082273283,2015-07-19,130,Unknown,64.0,Male,White,2015,7,6,0,Other
35.21307893384295,-80.83287537130172,2015-07-15,163,Knife,36.0,Male,Black,2015,7,2,0,Blade
35.247322283749796,-80.86175267563857,2015-07-15,382,"Handgun, Rifle",34.0,Male,Black,2015,7,2,0,Gun
35.24834010926193,-80.78770014394331,2015-06-09,344,Handgun,26.0,Male,Black,2015,6,1,0,Gun
35.24834010926193,-80.78770014394331,2015-06-09,344,Handgun,23.0,Female,Black,2015,6,1,0,Gun
35.25966995273949,-80.73870057332628,2015-04-29,17,Handgun,40.0,Male,Black,2015,4,2,0,Gun
35.23648964072341,-80.65585911143677,2015-04-28,227,"Arson, Physical",39.0,Female,Black,2015,4,1,0,Other
35.30787494100865,-80.74816202201795,2015-04-26,219,Handgun,37.0,Male,Black,2015,4,6,0,Gun
35.267525045419724,-80.83902695299801,2015-04-20,363,Rifle,33.0,Male,Black,2015,4,0,0,Gun
35.27893359786166,-80.79353302935976,2015-04-07,371,Knife,22.0,Male,Black,2015,4,1,0,Blade
35.24445848334146,-80.75228422510092,2015-04-05,249,Handgun,29.0,Female,Black,2015,4,6,0,Gun
35.25979498165439,-80.90508558437121,2015-03-31,346,Handgun,43.0,Male,White,2015,3,1,0,Gun
35.26491405728932,-80.9264861030761,2015-03-27,140,Handgun,28.0,Male,Black,2015,3,4,0,Gun
35.15288727809196,-80.73600819669373,2015-03-08,272,Strangulation,24.0,Female,White,2015,3,6,0,Other
35.21443730595626,-80.77290536664758,2015-03-01,90,Handgun,27.0,Male,Black,2015,3,6,0,Gun
35.25842648500018,-80.84801507658129,2015-02-27,374,Handgun,23.0,Male,Black,2015,2,4,0,Gun
35.278568231026554,-80.9521353934198,2015-02-25,34,Handgun,68.0,Female,White,2015,2,2,0,Gun
35.253748674141136,-80.82195111750471,2015-02-24,369,Handgun,21.0,Male,Hispanic,2015,2,1,0,Gun
35.253748674141136,-80.82195111750471,2015-02-24,369,Handgun,19.0,Female,White,2015,2,1,0,Gun
35.253748674141136,-80.82195111750471,2015-02-24,369,Handgun,23.0,Male,Hispanic,2015,2,1,0,Gun
35.23593890774674,-80.83117918499363,2015-01-29,157,Blunt Trauma,25.0,Male,White,2015,1,3,0,Other
35.14764664111776,-80.92591664397246,2015-01-28,307,Handgun,19.0,Male,Black,2015,1,2,0,Gun
35.17584866826228,-80.75043085031126,2015-01-20,245,Handgun,24.0,Male,Black,2015,1,1,0,Gun
35.28195063694527,-80.9122300218667,2015-01-08,190,Handgun,52.0,Male,White,2015,1,3,0,Gun
35.28195063694527,-80.9122300218667,2015-01-08,190,Handgun,44.0,Female,White,2015,1,3,0,Gun
35.275360227510475,-80.772885157714,2015-01-06,101,Physical,0.0,Male,Hispanic,2015,1,1,0,Other
35.24699310279103,-80.91002550016115,2015-01-05,199,Handgun,26.0,Male,Black,2015,1,0,0,Gun
35.202129246804844,-80.87063382035089,2015-01-01,30,Handgun,37.0,Male,Black,2015,1,3,0,Gun
